brand,description,generique,image,model,title,url
glock,Entrainez vous avec la rplique exacte du Glock G17 de FUJIMAE qualit et prix imbattable au rendez vous Boutique des Arts Martiaux Paiement 100 Scuris Livraison gratuite ds 4900,Pistolet,,17,Pistolet dentranement Glock FUJIMAE,https://boutiquedesartsmartiaux.com/products/pistolet-d-entrainement-glock-fuji-mae
,Neutralise un agresseur pendant 10 15 minutes provoque une sensation de brlure intense et immdiate piment rouge teinture,défense,,,Stylo arosol de dfense Sabre red,https://boutiquedesartsmartiaux.com/products/stylo-aerosol-de-defense-sabre-red
,Casque intgral de self dfense FUJIMAE destin la pratique en toute scurit du Viet Vo Dao le Krav Maga et la boxe Boutique des Arts Martiaux Paiement Scuris En franco de port,défense,,,Casque Grille Amovible Sparring FUJIMAE,https://boutiquedesartsmartiaux.com/products/casque-grille-amovible-sparring-fuji-mae
express,Short de boxe adidas Lite Flex ADIBTS01 indispensable en boxe amateur En stock 2990 euros Livraison rapide et express,,,express,Short boxe anglaise amateur adidas,https://boutiquedesartsmartiaux.com/products/short-boxe-anglaise-amateur-adidas
express,Short de boxe anglaise adidas ADITB152 indispensable en boxe amateur En stock 2490 euros Livraison rapide et express,,,express,Short boxe amateur adidas,https://boutiquedesartsmartiaux.com/products/short-boxe-amateur-adidas
diana,Sac de frappe Metal Boxe Indian disponible en vide ou en plein dans les tailles 90 cm 120 cm 150 cm et 170 cm PU 90x35 cm Modle Indiana noir orange excellent rapport qualit prix,,,50,Sac de frappe Metal Boxe Indiana Boutique des Arts Martiaux,https://boutiquedesartsmartiaux.com/products/sac-de-frappe-metal-boxe-indiana
,Protgez vos tibias avec les Protge Tibias Basic Line FUJIMAE 20 Confortables et lgers idaux pour karat judo arts martiaux et self dfense Taille S XL,défense,,,Protge tibias Basic Line FUJIMAE Protections pour les Arts Martiaux,https://boutiquedesartsmartiaux.com/products/protege-tibias-basic-line-fuji-mae
,Bottillons Full Contact Metal Boxe MB165 en PU avec mousse EVA haute densit Lgers robustes pour full contact MMA et self dfense Tailles S XXL,défense,,,Bottillons Full Contact Metal Boxe MB165 Lgret et Protection,https://boutiquedesartsmartiaux.com/products/protege-pieds-full-contact-metal-boxe
mab,Protge dents Shock Doctor modle classique EZ Guard Le protge dents Shock Doctor EZ Guard transparent est idal pour linitiation la Boxe les Arts martiaux et les Sports de combat il vous protgera des chocs et des commotions Taille Junior et Senior Livr avec boitier Protge dent thermo formable mouler l,,,f,Protge dents Shock Doctor EZ Guard Boutique des Arts Martiaux,https://boutiquedesartsmartiaux.com/products/protege-dents-shock-doctor
mab,Protge dents Simple Adidas thermoformable et conforme aux normes AFNOR Livr avec botier Idal pour les sports de combat Couleur transparente,,,f,Protge dents Simple Adidas Sports de Combat Thermoformable et Pratique,https://boutiquedesartsmartiaux.com/products/protege-dents-adidas-simple-junior
,Ce pantalon conu spcifiquement pour la pratique du Self Dfense en RipStop vous suivra tout au long de votre pratique,défense,,,Pantalon Self dfense FUJIMAE,https://boutiquedesartsmartiaux.com/products/pantalon-self-defense-fuji-mae
,Pantalon Krav Maga Metal Boxe Ripstop 100 coton lger et robuste coupe droite conu pour la pratique de la self dfense et du krav Maga Boutique des Arts Martiaux Livraison rapide et gratuite ds 4900 dachats Stock disponible Meilleurs prix,défense,,,Pantalon Krav Maga Metal Boxe MB59K Noir Boutique des Arts Martiaux,https://boutiquedesartsmartiaux.com/products/pantalon-krav-maga-metal-boxe
,Achetez vos Pantalons Armes protections de Krav Maga Self dfense FUJIMAE la Boutique des Arts Martiaux Paiement Scuris Livraison gratuite ds 4900,défense,,,Pantalon Krav Maga FUJIMAE Dark,https://boutiquedesartsmartiaux.com/products/pantalon-krav-maga-fuji-mae-dark
,Pantalon de Karate Adidas Noir mlange cotonpolyester coupe ample bas ouvert taille lastique Parfait pour karate arts martiaux self dfense Tailles 120 200 cm,défense,,,Pantalon de Karate Adidas Noir Confort et Rsistance pour Arts Martiaux,https://boutiquedesartsmartiaux.com/products/pantalon-de-karate-adidas-noir-adidas
,Pantalon noir particulirement apprci pour les arts martiaux la self dfensele taekwondo et les arts martiaux artistiques,défense,,,Pantalon arts martiaux noir Kwon Fuji Sport,https://boutiquedesartsmartiaux.com/products/pantalon-arts-martiaux-noir-kwon
,Pantalon Metal Boxe Noir PANTYOK 100 coton coupe ample avec soufflet idal pour arts martiaux karate krav maga self dfense Tailles 120 200 cm,défense,,,Pantalon Metal Boxe Noir Confort et Libert de Mouvement,https://boutiquedesartsmartiaux.com/products/pantalon-arts-martiaux-noir-dojo-master
,Matraque tlescopique en nylon avec dragone recommande en protection personnelle et self dfense 13 cm dploy 30 cm,défense,,,Matraque tlescopique Nylon,https://boutiquedesartsmartiaux.com/products/matraque-telescopique-nylon
,kubotan porte cl de dfense argent Kwon pratique pour la self dfense,défense,,,Kubotan argent,https://boutiquedesartsmartiaux.com/products/kubotan-porte-cle-de-defense-kwon
,Kimono de Karat FUJIMAE Basic Line lger et rsistant 65 polyester 35 coton Tailles de 100 200 cm parfait pour karat Viet Vo Dao et self dfense,défense,,,Kimono de Karat Basic Line FUJIMAE Lger et Rsistant,https://boutiquedesartsmartiaux.com/products/kimono-de-karate-basic-line-fuji-mae
,Protge Tibia Pieds lastique Metal Boxe MB153 mousse EVA haute densit double serrage velcro tailles XXS XL idal pour boxe tha MMA self dfense,défense,,,Protge Tibia Pieds lastique Metal Boxe Protection et Maintien,https://boutiquedesartsmartiaux.com/products/protege-tibia-pieds-metal-boxe
express,Adapt au pratiquant dIado confirm et dbutant disponible chez Fuji Sport Toulouse En stock Expdition rapide et express,,,express,Hakama blanc FUJIMAE Boutique des Arts Martiaux,https://boutiquedesartsmartiaux.com/products/hakama-blanc-fuji-mae
express,Gants de boxe Venum modle giant noiror En stock 9990 euros en franco de port Livraison rapide et express,,,express,Gants de boxe Venum cuir Giant 30 Noir Or VENUM2055,https://boutiquedesartsmartiaux.com/products/gants-de-boxe-venum-giant
tigre,Ecusson Arts Martiaux FUJIMAEEcusson Arts Martiaux FUJIMAE idal pour personnaliser votre quipement disponible en diverses disciplines Diamtre 125 cm Couleur Noir Or Styles Tigre Shotokan cusson n55 Marque FUJIMAE SKU 33200,,,tigre,Ecusson FUJIMAE,https://boutiquedesartsmartiaux.com/products/ecusson-fuji-mae
express,Dobok adidas col noir modle Adichampion III spcialement conu pour la pratique du Taekwondo En stock Livraison rapide et express,,,express,Dobok Taekwondo Adichamp III adidas,https://boutiquedesartsmartiaux.com/products/dobok-taekwondo-adidas-adichamp-iii
,Coquille fminine anatomique Metal Boxe en PU avec mousse intrieure protection optimale pour boxe arts martiaux et self dfense Tailles XS XL modle taillant petit,défense,,,Coquille Fminine Metal Boxe Protection Anatomique et Confort,https://boutiquedesartsmartiaux.com/products/coquille-femme-noir-metal-boxe
,Dcouvrez notre Coquille self dfense Metal Boxe MB2008H o vous apprcierez sa coupe ergonomique alliant la perfection protection avec aisance de dplacement,défense,,,Coquille self dfense Metal Boxe MB2008H I,https://boutiquedesartsmartiaux.com/products/coquille-self-defense-metal-boxe
,Coquille de Boxe et Self Dfense Adidas Thermo Foam assurant une meilleure absorption des coups lgret et rembourrage gel pour une scurit accrue et un confort ingal Boutique des Arts Martiaux Paiement 100 Scuris Livraison Rapide,Défense,,,Coquille de Boxe Pro Adidas Off,https://boutiquedesartsmartiaux.com/products/coquille-de-boxe-pro-adidas
express,Idales pour la pratique des sports de combat du Kung Fu et du Tai chi chuan En stock Livraison rapide et express,,,express,Chaussure chinoise Wu Shu Blanc FUJIMAE,https://boutiquedesartsmartiaux.com/products/chaussure-chinoise-wu-shu-blanc-fuji-mae
,Dcouvrez les Chaussures Kwon Chosun Noir idales pour arts martiaux et self dfense Semelle non marquante lgres et confortables Tailles 30 47,défense,,,Chaussures Arts Martiaux Kwon Chosun Noir Confort et Performance,https://boutiquedesartsmartiaux.com/products/chaussures-arts-martiaux-self-defense-kwon
express,Ceinture Elite adidas modle officiel pour le Jiu Jitsu Brsilien avec emplacement spcifique pour indiquer les barrettes Livraison rapide et express,,,express,Ceinture de Jiu Jitsu Brsilien adidas JJB Modle Officiel,https://boutiquedesartsmartiaux.com/products/ceinture-jjb-adidas-elite
,Casque de Sparring pour Boxe Anglaise Pro Adidas avec mentonnire Thermo Foam Robocop spcialement conu pour la Boxe les Arts martiaux la Self Dfense,Défense,,,Casque de Sparring pour Boxe Anglaise Pro Adidas,https://boutiquedesartsmartiaux.com/products/casque-de-boxe-pro-adidas
,Bokken en chne rouge FUJIMAE 40035 idal pour la pratique de lAkido lIado et le kendo Boutique des Arts Martiaux Livraison rapide et gratuite ds 4900,Arme,,,Bokken en chne rouge FUJIMAE 40035 Arme Art Martiaux Akido Kendo,https://boutiquedesartsmartiaux.com/products/bokken-chene-rouge-fuji-mae
,Le Yawara en bois FUJIMAE est une arme contondante traditionnelle japonaise utilise dans de nombreux arts martiaux largement plbiscite en dfense personnelle,Défense,,,Yawara en Bois FUJIMAE Dfense Personnelle et Arts Martiaux,https://boutiquedesartsmartiaux.com/products/yawara-en-bois-fuji-mae
express,Retrouvez la vritable Zoori avec bride en forme X Zoori En stock Livraison rapide express,,,express,Zoori en paille forme X Boutique des Arts Martiaux,https://boutiquedesartsmartiaux.com/products/zoori-en-paille-forme-x-fuji-mae
,Voici un T shirt au design sobre 100 coton taill pour la pratique intense du self dfense Disponible en noir de la taille S XXL,défense,,,T Shirt Self dfense FUJIMAE,https://boutiquedesartsmartiaux.com/products/t-shirt-self-defense-fuji-mae
express,Nunchaku Flau Tri bton en mousse avec chane lger idal pour les dbutantsCREn stock 2900 euros Livraison rapide et express,,,express,Sansetsukon nunchaku mousse Fuji Sport Toulouse,https://boutiquedesartsmartiaux.com/products/tri-baton-mousse
,Tonfa dentrainement en Polypropylne Metal Boxe idal pour vous familiariser lusage du bton de dfense poigne latrale Boutique des Arts Martiaux Paiement 100 Scuris Livraison gratuite ds 4900,défense,,,Tonfa Polypropylne Metal Boxe,https://boutiquedesartsmartiaux.com/products/tonfa-polypropylene-metal-boxe
,Choisissez une formation de qualit avec le Tonfa Police Pro polycarbonate de Metal Boxe 60 cm galement connu sous la dnomination de bton de dfense avec poigne latrale Boutique des Arts Martiaux Paiement 100 Scuris Livraison gratuite ds 4900,défense,,,Tonfa Pro polycarbonate metal Boxe,https://boutiquedesartsmartiaux.com/products/tonfa-pro-polycarbonate-metal-boxe
,Tonfa police avec mousse Kwon modle Secure est un Bton de Dfense Poigne Latrale inspir par celui utilis par la police ou la gendarmerie revtu de mousse,Défense,,,Tonfa police avec mousse Kwon Equipement Arts Martiaux et Dfense,https://boutiquedesartsmartiaux.com/products/tonfa-police-avec-mousse-kwon
,Tonfa de police bton de dfense avec poigne latrale secure avec mousse idal pour vos entranements,défense,,,Tonfa police Secure Kwon,https://boutiquedesartsmartiaux.com/products/tonfa-police-secure-kwon
,Arme entranement paire de tonfa mousse Piranha longueur 51 cm poids 220 gr pour linitiation aux arts martiaux et la self dfense krav maga kobudo,Arme,,,Tonfa mousse Piranha paire noir I Self defense et Arts Martiaux,https://boutiquedesartsmartiaux.com/products/tonfa-mousse-piranha
,Kimono de karate noir FUJIMAE idale pour le kempo le viet vo dao et la self dfense,défense,,,Kimono de karate noir FUJIMAE,https://boutiquedesartsmartiaux.com/products/tenue-arts-martiaux-noir-fuji-mae
asp,Le sambo prend en considration toutes les phases du combat aussi bien la Self Dfense que laspect sportifCR,Défense,,asp,Techniques de bases et avances de Sambo VP Masberg,https://boutiquedesartsmartiaux.com/products/techniques-de-bases-et-avancees-de-sambo-vp-masberg
,Arme mousse officielle de Yoseikan Budo le Tchobo Yoseikan Budo Kwon homologu par la Fdration Mondiale de Yoseikan Budo pour la pratique du combat au Katana,Arme,,,Tchobo Yoseikan Budo Kwon 8001083,https://boutiquedesartsmartiaux.com/products/tchobo-yoseikan-budo-kwon
,Arme en mousse FUJIMAE pour la pratique sans risque du Chanbara tanto 43X5 cm pour 180 gr environ,Arme,,,Tanto mousse Chanbara FUJIMAE 44 cm,https://boutiquedesartsmartiaux.com/products/tanto-mousse-chanbara-fuji-mae-44-cm
,Retrouvez ce Tanto FUJIMAE chne blanc spcialement fabriqu pour la pratique de lAkido du Kata dans diffrents styles dArts Martiaux et Self Dfense,Défense,,,Tanto FUJIMAE chne blanc I Equipements Arts Martiaux,https://boutiquedesartsmartiaux.com/products/tanto-fujimae-chene-blanc
,Voici larme parfaite dentrainement pour pratiquants et professeurs Tanto couleur noire lame non affute en acier au carbone Noris,arme,,,Tanto japonais Noris,https://boutiquedesartsmartiaux.com/products/tanto-japonais-noris
,Tanto bois blanc Noris destin lentrainement aux arts martiaux Aikido et aux techniques de dfense au couteau,défense,,,Tanto bois blanc Noris,https://boutiquedesartsmartiaux.com/products/tanto-bois-blanc-noris
,Tanto en bois de ramin rouge Noris longueur 29 cm idal pour lentranement en Akido Kendo Iado Noris self dfense,défense,,,Tanto bois Dojo Master,https://boutiquedesartsmartiaux.com/products/tanto-bois-dojo-master
,Nous vous proposons cette arme mousse le Tambo Yoseikan Budo Kwon homologu par la Fdration Mondiale de Yoseikan Budo Frais de port offerts ds 49 dachat,arme,,,Tambo Yoseikan Budo Kwon 8001082 Equipement Armes Arts Martiaux,https://boutiquedesartsmartiaux.com/products/tambo-yoseikan-budo-kwon
,Swivel pour poire de Vitesse Everlast en acier roulement billes premium pour rebonds prcis et silencieux Facile installer idal pour boxe et self dfense,défense,,,Swivel pour poire de Vitesse Everlast Boutique des Arts Martiaux,https://boutiquedesartsmartiaux.com/products/swivel-crochet-pivotant-professionnel-everlast
,Ne vous fiez pas aux apparences ce stylo de dfense peut en cas de ncessit devenir une arme redoutable type yawara,défense,,,Stylo de dfense Pocket Shark Cold Steel,https://boutiquedesartsmartiaux.com/products/stylo-de-defense-pocket-shark-cold-steel
express,Short type vale tudo adidas offre une grande libert de mouvement En stock Livraison rapide et Express,,,express,Short MMA Adidas Top Game Adidas,https://boutiquedesartsmartiaux.com/products/short-vale-tudo-adidas
sig,Avec ce short de Muay Thai Twins de haute qualit design et fabriqu la main en Thalande vous serez quip et toujours prt fighter Boutique des Arts Martiaux Paiement Scuris en Franco de port Livraison gratuite ds 49 dachat,,,98,Short de Boxe Tha Twins,https://boutiquedesartsmartiaux.com/products/short-de-boxe-thai-twins
,Alejandro Iglesias membre fondateur Unit spciale de la Lgion UIE UOEL explique SHOOT Self Dfense du 21me sicle Budo International Boutique des Arts Martiaux Paiement Scuris Livraison gratuite ds 4900,défense,,,Shoot La Self dfense du 21 me siecle Budo International,https://boutiquedesartsmartiaux.com/products/shoot-la-self-defense-du-21-eme-siecle-budo-international
,Shina adulte Femme en bambou taille 38 FujiMae arme dentrainement utilise en kendo taille adapte la morphologie fminine conception traditionnelle bambou,arme,,,Shina adulte Femme en bambou taille 38 FujiMae pour Kendo 4011038,https://boutiquedesartsmartiaux.com/products/shinai-adulte-femme-en-bambou-taille-38-fujimae
express,Makiwara mural en toile fixer au mur pour lentranement la frappe et lendurcissement En stock 2390 euros Livraison rapide et express,,,express,Makiwara sac mural FUJIMAE,https://boutiquedesartsmartiaux.com/products/sac-mural-makiwara-fuji-mae
mab,Transportez vos affaires de manire pratique et rester stable avec ce sac de sport transformable en sac dos Disponible en couleur noire dimensions 69x32x33 cm,,,f,Sac de Sport convertible Booster B Force Camo,https://boutiquedesartsmartiaux.com/products/sac-de-sport-convertible-booster-b-force-camo
,Sac de frappe 120 X 35 cm pour la pratique des sports piedpoings la boxe les arts martiaux et la self dfense,défense,,,Sac de frappe FUJIMAE 150 x 35 cm,https://boutiquedesartsmartiaux.com/products/sac-de-frappe-fuji-mae-150-x-35-cm
,Sac de frappe 120 X 35 cm pour la pratique des sports pieds poings la boxe les arts martiaux et la self dfense,défense,,,Sac de frappe FUJIMAE 120 x 35 cm,https://boutiquedesartsmartiaux.com/products/sac-de-frappe-fuji-mae-120-x-35-cm
asp,Arosol de dfense aspect rouge lvres 4 fois plus puissant que la moyenne des arosols de dfense,défense,,asp,Rouge lvres de dfense Sabre red,https://boutiquedesartsmartiaux.com/products/rouge-a-levres-de-defense-sabre-red
express,Rouleau de ceinture pour la pratique du Yoseikan Budo Noris couleur bleublanc longue 50 mtres idal pour tre proactif En stock Livraison rapide et express,,,express,Rouleau de ceinture Yoseikan Budo Noris Boutique des Arts Martiaux,https://boutiquedesartsmartiaux.com/products/rouleau-ceinture-yoseikan-budo-noris
,Dans ce livre Riposter Cahier pratique de Self Dfense Michael Illouz propose de nouvelles situations pour des entrainements plus varis Edition Amphora Boutique des Arts Martiaux Paiement 100 Scuris Livraison gratuite ds 4900,défense,,,Riposter Cahier pratique de Self dfense Amphora,https://boutiquedesartsmartiaux.com/products/riposter-cahier-pratique-de-self-defense-amphora
,Riposter Abrg de Self dfense Michael Illouz expose clairement des concepts pratiques faciles mettre en uvre identifier la situation de danger et y rpondre avec efficacit,défense,,,Riposter Abrg de Self dfense Amphora,https://boutiquedesartsmartiaux.com/products/riposter-abrege-de-self-defense-amphora
,Retrouvez ce Pistolet revolver factice self dfense Piranha M013 dans votre Boutique des Arts Martiaux Paiement Scuris en Franco de port Livraison gratuite ds 49 dachat,Revolver,,,Revolver factice self dfense Piranha M013,https://boutiquedesartsmartiaux.com/products/revolver-factice-self-defense-piranha
,Couteau Push Blade FGX Cold Steel pratique pour lentrainement en self dfense,défense,,,Push Blade FGX Cold Steel,https://boutiquedesartsmartiaux.com/products/push-blade-fgx-cold-steel
asp,PROTEGOR guide pratique de scurit personnelle et survie urbaine Amphora Contrairement aux autres ouvrages actuellement disponibles sur la self dfense voici le premier manuel francophone qui traite en dtail les trois aspects complmentaires que sont la scurit personnelle la self dfense et la survie urbai,défense,,asp,PROTEGOR Amphora,https://boutiquedesartsmartiaux.com/products/protegor-amphora
mab,Protge dents Shock Doctor trs haute protection thermoformable pour les enfants de moins de 11 ans,,,1,Protge dents junior Shock Doctor,https://boutiquedesartsmartiaux.com/products/protege-dents-shock-doctor-gel-max-enfant
express,Protge tibias de taekwondo Kwon homologu WTF pour lentrainement et le combat en taekwondo En stock 2390 euros Livraison rapide et express,,,express,Protge tibias taekwondo WTF Kwon,https://boutiquedesartsmartiaux.com/products/protege-tibias-kwon
,Protection avant bras Adidas Flex Armor compose de blocs de mousse EVA Premium articuls absorbante et lgre pour la comptition combat et la self dfense,défense,,,Protections avant bras Adidas homologus Off,https://boutiquedesartsmartiaux.com/products/protections-avant-bras-adidas-homologues
,Protge cou self dfense Kwon indispensable pour le travail raliste des piques et des attaques au couteau,défense,,,Protection de cou Kwon,https://boutiquedesartsmartiaux.com/products/protection-de-cou-kwon
express,Prsentoir rtelier mural FUJIMAE en bois vernis noir installation facile En stock Livraison rapide et express,,,express,Prsentoir rtelier mural 8 units FUJIMAE,https://boutiquedesartsmartiaux.com/products/presentoir-ratelier-mural-8-unites-fuji-mae
,Support poser pour une arme japonaise katana wakisashi ou tanto installation facile,arme,,,Porte Sarbre FUJIMAE,https://boutiquedesartsmartiaux.com/products/porte-sarbre-fuji-mae
,Porte cls Couteau papillon Balisong FUJIMAE Porte cls en mtal reprsentant larme traditionnelle le couteau papillon Balisong FUJIMAE Modle Balisong couteau papillon argent Couleur argent SKU 3346007 Code EAN 8435204724674 Venu lunit,arme,,,Porte cls Couteau paillon Balisong FUJIMAE,https://boutiquedesartsmartiaux.com/products/porte-cles-couteau-paillon-balisong-fuji-mae
,Plastron de dfense Kwon Move Light K Tac extrmement lger 800 gr tout en tant de haute qualit,défense,,,Plastron self dfense Move Light Kwon,https://boutiquedesartsmartiaux.com/products/plastron-self-defense-move-light-kwon
,Plastron de frappe Kwon modle mousse paisse et lgre procurant un excellent amorti idal en boxe anglaise et self dfense,défense,,,Plastron professeur Kwon,https://boutiquedesartsmartiaux.com/products/plastron-professeur-kwon
,Plastron haute protection Adidas sa forme ergonomique recouvre parfaitement le torse accessoire idal pour les entraineurs et les comptiteurs,défense,,,Plastron de Boxe et Self dfense Adidas P04,https://boutiquedesartsmartiaux.com/products/plastron-de-boxe-et-self-defense-adidas
sauer,Achetez votre arme dentrainement sur Boutique des Arts martiaux rplique du fameux pistolet semi automatique SIG SAUER SP2022 avec chargeur amovible,Pistolet,,202,Pistolet Sig Sauer factice self dfense Metal Boxe,https://boutiquedesartsmartiaux.com/products/pistolet-sig-sauer-factice-self-defense-metal-boxe
walther,Choisissez de vous entrainer avec une arme la plus relle possible avec ce Pistolet Self Dfense Walther P99 de chez FUJIMAE Boutique des Arts Martiaux Paiement 100 Scuris Livraison gratuite ds 4900,Pistolet,,p99,Pistolet self dfense FUJIMAE Walther P99 avec chargeur,https://boutiquedesartsmartiaux.com/products/pistolet-self-defense-fuji-mae-walther-p99-avec-chargeur
,Pistolet de Ju Jitsu en bois Danrho de couloir Noir idal pour vos entranements en self dfense et arts martiaux notamment en Ju Jitsu et Krav Maga la Boutique des Arts Martiaux Livraison rapide et gratuite ds 4900 dachats Stock disponible Meilleurs prix,Pistolet,,,Equipement Arts Martiaux Pistolet Ju Jitsu en bois Danrho,https://boutiquedesartsmartiaux.com/products/pistolet-ju-jitsu-en-bois-danrho-noir
,Voici le nouveau Pistolet Factice Self Dfense de FUJIMAE cr pour vous procurer encore plus de ralisme aux entrainements Boutique des Arts Martiaux Paiement 100 Scuris Livraison gratuite ds 4900,Pistolet,,,Pistolet factice self dfense SD H93 FUJIMAE Noir,https://boutiquedesartsmartiaux.com/products/pistolet-factice-self-defense-sd-h93-fuji-mae-noir
,Rendez vos entranements plus ralistes avec cette rplique fidle du pistolet rglementaire de diffrents organes et forces de scurit de ltat Disponible en orange,Pistolet,,,Pistolet raliste de self dfense HK USP Orange FUJIMAE,https://boutiquedesartsmartiaux.com/products/pistolet-realiste-de-self-defense-hk-usp-orange-fuji-mae
,Pistolet factice jaune Dojo Master idal pour linitiation la self dfense et la simulation dattaques et coups ports avec arme de poing,Pistolet,,,Pistolet factice Beretta jaune,https://boutiquedesartsmartiaux.com/products/pistolet-factice-self-defense-jaune-dojo-master
,Pistolet dentrainement en plastique Kwon 8001073 Pistolet factice idal pour la formation et lentrainement raliste la self dfense Krav Maga 23 cm,Pistolet,,,Pistolet plastique Kwon Noir,https://boutiquedesartsmartiaux.com/products/pistolet-d-entrainement-en-caoutchouc-noir-kwon
,Entrainez vous de manire raliste avec une rplique parfaite le Pistolet Factice pour la Self Dfense HK USP cr par FUJIMAE Boutique des Arts Martiaux Paiement 100 Scuris Livraison gratuite ds 4900,Pistolet,,,Pistolet factice self dfense HK USP Jaune FUJIMAE,https://boutiquedesartsmartiaux.com/products/pistolet-factice-self-defense-hk-usp-jaune-fuji-mae
,Pistolet arts martiaux Kwon orange idal pour lentrainement raliste la self dfense Krav Maga Matire en plastique rsistant et une bonne prise de main,Pistolet,,,Pistolet de self defense Krav Maga orange Kwon,https://boutiquedesartsmartiaux.com/products/pistolet-d-entrainement-en-caoutchouc-orange-kwon
walther,Equipement professionnel avec le pistolet dentrainement tactique FUJIMAE Walther P99 pour des techniques plus ralistes Boutique des Arts Martiaux Paiement Scuris Livraison gratuite ds 4900,Pistolet,,p99,Pistolet dentrainement FUJIMAE Walther P99,https://boutiquedesartsmartiaux.com/products/pistolet-d-entrainement-fuji-mae-walther-p99
,Pistolet Factice FUJIMAE Beretta 92 pour entranements de self dfense Raliste durable et scuris idal pour le Krav Maga et formations professionnelles,Pistolet,,,Pistolet Factice FUJIMAE Beretta 92 Entranement Raliste et Scuris,https://boutiquedesartsmartiaux.com/products/pistolet-factice-self-defense-beretta-92-fuji-mae
walther,Equipez vous avec le pistolet dentrainement tactique FUJIMAE Walther P99 pour des entrainements plus ralistes Boutique des Arts Martiaux Paiement Scuris Livraison gratuite ds 4900,Pistolet,,p99,Pistolet dentrainement tactique FUJIMAE Walther P99,https://boutiquedesartsmartiaux.com/products/pistolet-d-entrainement-tactique-fuji-mae-walther-p99
,Pistolet factice Kwon Jaune 8001072 Pistolet factice idal une pratique scurise et un entrainement raliste la self dfense Krav Maga et 1 formation sre,Pistolet,,,Pistolet factice Kwon Jaune 8001072,https://boutiquedesartsmartiaux.com/products/pistolet-de-self-defense-en-plastique-jaune-kwon
glock,Entrainez vous comme les pro avec ce Pistolet dentrainement caoutchouc Metal Boxe type Glock 17 rplique du clbre Glock disponible Boutique des Arts Martiaux,Pistolet,,17,Pistolet dentrainement caoutchouc Metal Boxe type Glock Selfdfense,https://boutiquedesartsmartiaux.com/products/pistolet-caoutchouc-metal-boxe
,Pistolet Kwon en plastique dur et lourd noir 827 gr avec poids et apparence raliste idal pour linstruction en self dfense,Pistolet,,,Pistolet dentranement raliste Kwon,https://boutiquedesartsmartiaux.com/products/pistolet-caoutchouc-realiste-kwon
express,Fabriqus la main en Thalande patte dours courbes 25 cm En stock Livraison rapide et Express,,,express,Pattes dours VENUM Cellular noir mat,https://boutiquedesartsmartiaux.com/products/pattes-d-ours-venum-cellular-noir-mat
,Pattes dours adidas standard 25 cm lgre et confortable idale pour lentranement de prcision en boxe anglaise self dfense et arts martiaux,défense,,,Pattes dours adidas standard I Boutique des Arts Martiaux,https://boutiquedesartsmartiaux.com/products/pattes-d-ours-adidas-25-cm
,Pantalon FUJIMAE en coton noir bandes blanches idal pour le full contact et la self dfense,défense,,,Pantalon coton FUJIMAE Off,https://boutiquedesartsmartiaux.com/products/pantalon-full-contact-coton-fuji-mae-xl
,Pantalon judo blanc FUJIMAE coupe regular ouvert en bas idal pour lentranement aux arts martiaux et la self dfense,défense,,,Pantalon de judo FUJIMAE,https://boutiquedesartsmartiaux.com/products/pantalon-de-judo-fuji-mae
,Pantalon arts martiaux FUJIMAE en coton noir bandes blanches coupe regular idale pour le full contact et la self dfense,défense,,,Pantalon arts martiaux noir FUJIMAE,https://boutiquedesartsmartiaux.com/products/pantalon-arts-martiaux-noir-fuji-mae
,Patrick Lombardo vous prsente les techniques simples de self dfense la porte de tous et des enchanements de comptitions pour le combat libre,défense,,,Pankido Le grand art martial Europenne de magazines,https://boutiquedesartsmartiaux.com/products/pankido-le-grand-art-martial-europeenne-de-magazines
,Nous vous proposons ce pack darmes de Self Dfense la trilogie darmes factices indispensable tous les les pratiquants de Self Dfense les Kraveurs le Couteau la Matraque et le Pistolet,Défense,,,Pack Kit darmes Krav Maga Self Dfense,https://boutiquedesartsmartiaux.com/products/pack-kit-d-armes-de-krav-maga-self-defense
,Pankido ou Voie de lnergie Universelle est un Art Martial prsentant trois axes la Self Dfense le Sport de Comptition une Pratique de Sant,Défense,,,Pankido Art martial Moderne Europenne de magazines,https://boutiquedesartsmartiaux.com/products/pankido-art-martial-moderne-europeenne-de-magazines
,Nous vous proposons le nunchaku tlescopique idal en protection personnelle et self dfense 14 cm dploy 36 cm,défense,,,Nunchaku tlescopique Boutique des Arts Martiaux,https://boutiquedesartsmartiaux.com/products/nunchaku-telescopique-noris
,Nunchaku mousse corde noir Dojo Master Dragon est conu pour lentranement destin pour les dbutants notamment enfant disponible la Boutique Arts Martiaux,Arme,,,Nunchaku mousse corde noir Dojo Master Equipement Arme Arts Martiaux,https://boutiquedesartsmartiaux.com/products/nunchaku-mousse-corde-noir-noris
,Nunchaku mousse corde Ninja pour entranement en mousse idal pour linitiation enfant et dbuter sans risques la pratique du flau de larme ftiche de Bruce Lee,arme,,,Nunchaku mousse corde Ninja enfant Noir Equipement Arts Martiaux,https://boutiquedesartsmartiaux.com/products/nunchaku-mousse-corde-ninja-noir
,Nunchaku bois chane dragon bleu Dojo Master 30 cm stries antidrapantes Idal pour arts martiaux et self dfense Marque Dojo Master,défense,,,Nunchaku bois chane dragon bleu Dojo Master Equipements Arts Martiaux,https://boutiquedesartsmartiaux.com/products/nunchaku-bois-chaine-dragon-bleu-dojo-master
,Ce volume est consacr aux connaissances de base et aux techniques de maniement de larme historique positions frappes enchanements,arme,,,Nunchaku Techniques de maniement Budo Editions,https://boutiquedesartsmartiaux.com/products/nunchaku-techniques-de-maniement-budo-editions
,Ce livre est une mthode dentranement au nunchaku simple visuelle et complte destine matriser larme lgendaire de Bruce Lee,arme,,,Nunchaku Entranement dynamique Budo Editions,https://boutiquedesartsmartiaux.com/products/nunchaku-entrainement-dynamique-budo-editions
,Dans ce livre lauteur compare la ralit de la violence avec les fantasmes vhiculs dans les salles de sports de combat darts martiaux et mme de self dfense,défense,,,Mditations sur la violence Budo Editions,https://boutiquedesartsmartiaux.com/products/meditations-sur-la-violence-budo-editions
,Arme de Kobudo et de Ninjutsu elle est constitue dune chane leste de 100 cm avec deux poids en mtal fixs chaque extrmit,Arme,,,Chane de Ninja Manriki Gusari FUJIMAE,https://boutiquedesartsmartiaux.com/products/manrikigusari-ninja-fuji-mae
,Manuel de Combat au Sabre Laser est un ouvrage technique qui propose une approche srieuse de lescrime artistique par le biais de cette arme lgendaire,arme,,,Manuel de combat au sabre laser,https://boutiquedesartsmartiaux.com/products/manuel-de-combat-au-sabre-laser
arsenal,Tout un arsenal de techniques tonfa et Self dfense sont prsentes par Thierry Delhief dans cet ouvrage de manire simple et pratique Boutique des Arts Martiaux Paiement 100 Scuris Livraison Rapide Gratuite ds 69 dachat,défense,,ar,Livre Manuel dintervention des pros de la Scurit,https://boutiquedesartsmartiaux.com/products/manuel-d-intervention-des-pros-de-la-securite-tonfa-self-defense
,Machette FUJIMAE en polypropylne incassable armes dentranement arts martiaux et dfense personnelle Boutique des Arts Martiaux a slectionn pour vous cette machette factice idale pour lentranement,défense,,,Machette FUJIMAE en polypropylne Noir,https://boutiquedesartsmartiaux.com/products/machette-fuji-mae-en-polypropylene-noir
asp,Louvrage ne laisse rien au hasard introduction historique philosophie caractristiques techniques aspects nergtiques,,,asp,Livre Tai Chi Yang Budo International Budo International,https://boutiquedesartsmartiaux.com/products/livre-tai-chi-yang-budo-international
,Louvrage Wing Chun Kung Fu Budo Editions traite du systme logique prcis et cohrent qui a t dvelopp pour rpondre au besoin de dfense pratique de chacun,défense,,,Wing Chun Kung Fu Budo Editions,https://boutiquedesartsmartiaux.com/products/livre-wing-chun-kung-fu-les-secrets-de-bruce-lee-budo-editions
asp,PAOLO CANGELOSI prsente sa vision globale du Kung Fu dont la varit des styles est un aspect de sa richesse,,,asp,LEssence du Kung Fu Budo International,https://boutiquedesartsmartiaux.com/products/l-essence-du-kung-fu-budo-international
,A travers ce second volet de lEncyclopdie du Taekwondo vous retrouverez tous les poom sae et toutes les formes de combat de lart martial coren ainsi la mthode de self dfense traditionnelle,défense,,,LEncyclopdie du Taekwondo Vol 2 Budo Editions,https://boutiquedesartsmartiaux.com/products/l-encyclopedie-du-taekwondo-vol-2-budo-editions
,Les forces de scurit autorises porter une arme feu sont concernes par lvolution de linstruction au tir vers un savoir faire extrmement dynamique et raliste,arme,,,Le tir daction,https://boutiquedesartsmartiaux.com/products/le-tir-d-action
,Dans ce livre dcouvrez les bases dutilisation dun petit objet Le Kubotan qui bien utilis peut savrer un moyen de dfense redoutable Edition VP Masberg Boutique des Arts Martiaux Paiement 100 Scuris Livraison gratuite ds 4900,défense,,,Le Kubotan VP Masberg,https://boutiquedesartsmartiaux.com/products/le-kubotan-vp-masberg
asp,Ce guide propose une vision densemble claire et actualise de toute la rglementation dans ce domaine apprhendant tous les aspects juridiques,,,asp,Guide juridique arts martiaux et sports de combat,https://boutiquedesartsmartiaux.com/products/le-guide-juridique-des-artsmartiaux-budo-editionsbudo-editions
asp,Ce manuel aborde laspect mdical dittique comportementale des Chinois il donne des recettes des indications sur les plantes et les principaux aliments,,,asp,La mdecine du Tao Budo Editions,https://boutiquedesartsmartiaux.com/products/la-medecine-du-tao-budo-editions
,Indispensable discret pour le plaisir pour votre protection le Kubotan porte cl de dfense Wacoku Boutique des Arts Martiaux Paiement Scuris Livraison gratuite ds 4900,défense,,,Kubotan porte cl de dfense Wacoku,https://boutiquedesartsmartiaux.com/products/kubotan-porte-cle-de-defense-wacoku
,Le Kubotan porte cl de dfense rond est une arme contondante de dfense personnelle sa taille est identique celle dun stylo Accessoire redoutable et discret,défense,,,Kubotan porte cl de dfense rond Piranha Boutique Arts Martiaux,https://boutiquedesartsmartiaux.com/products/kubotan-porte-cle-de-defense-rond-piranha
,Kubotan porte cl de dfense Bambou Piranha Noir arme de dfense discrte la premire approche infaillible en cas de besoin Longueur 124mm,défense,,,Kubotan porte cl de dfense Bambou Piranha Noir I Article Dfense,https://boutiquedesartsmartiaux.com/products/kubotan-porte-cle-de-defense-bambou-piranha
asp,Krav Maga Lotar Kapap Panim El Panim sont autant de synonymes prsentant diffrents aspects dune mme ralit bien connue des professionnels,,,asp,Krav Maga Kapa Hotar Lagana Fuji Sport Toulouse,https://boutiquedesartsmartiaux.com/products/krav-maga-kapa-hotar-lagana-budo-international
,Dans ce DVD sur le Krav maga originel Yaron Lichtenstein vous prsente le programme de la ceinture verte en dtail vous dcouvrirez les techniques de dfense contre tranglements saisies au col ou des cheveux double Nelson et divers blocages de bras,défense,,,Krav Maga LEncyclopdie Ceinture verte Vol1 VP Masberg,https://boutiquedesartsmartiaux.com/products/krav-maga-l-encyclopedie-ceinture-verte-vol1-vp-masberg
,Cest le DVD que lon devrait tous avoir chez soi Alain Formaggio expert en Self Dfense et Serge Serfati expert la FFKDA vont vous dmontrer limportance du mlange des genres en Self Dfense Indpendance Prod,Défense,,,Krav Maga Hyoshi Independance Prod Off,https://boutiquedesartsmartiaux.com/products/krav-maga-hyoshi-independance-prod
,Shoto bokken extrmement rsistant idal pour lentranement raliste en Akido arts martiaux et self dfense 65 cm pour 370 gr environ,défense,,,Shoto bokken Kodachi en polypropylne FUJIMAE,https://boutiquedesartsmartiaux.com/products/kodachi-en-polypropylene-fuji-mae
,Arme en mousse FUJIMAE pour la pratique sans risque du Chanbara kodachi 60X5 cm pour 220 gr environ,Arme,,,Kodachi mousse chanbara FUJIMAE 60 cm,https://boutiquedesartsmartiaux.com/products/kodachi-mousse-chanbara-fuji-mae-60-cm
express,Tenue de karate entranement FUJIMAE 10100 En stock Livraison rapide et express,,,express,Kimono Karat FUJIMAE,https://boutiquedesartsmartiaux.com/products/kimono-karate-fuji-mae
,Kimono tenue Self dfense Shidokan en coton lger et rsistant veste rouge et pantalon blanc avec taille lastique,défense,,,Kimono Shidokan FUJIMAE,https://boutiquedesartsmartiaux.com/products/kimono-shidokan-fuji-mae
sig,Une nouvelle fois Bushiden signe un trs beau Katana en Acier Tranchant Tsuru exposer ou pour la pratique il sera parfait en toutes occasions Boutique des Arts Martiaux Paiement Scuris en Franco de port Livraison gratuite ds 49 dachat,,,98,Katana en acier Bushiden Tsuru 725 cm,https://boutiquedesartsmartiaux.com/products/katana-en-acier-bushiden-tsuru-72-5-cm
sig,Bushiden signe ici un trs beau Katana Acier Samoura Blanc exposer ou pour la pratique il sera parfait en toutes occasions Boutique des Arts Martiaux Paiement Scuris en Franco de port Livraison gratuite ds 49 dachat,,,98,Katana en acier Bushiden Practical Blanc 725 cm,https://boutiquedesartsmartiaux.com/products/katana-en-acier-bushiden-practical-blanc-72-5-cm
sig,Une nouvelle fois Bushiden signe un trs beau Katana Acier Ookaze noir exposer ou pour la pratique il sera parfait en toutes occasions Boutique des Arts Martiaux Paiement Scuris en Franco de port Livraison gratuite ds 49 dachat,,,98,Katana de coupe en acier Bushiden Ookaze 73 cm,https://boutiquedesartsmartiaux.com/products/katana-de-coupe-en-acier-bushiden-ookaze-73-cm
remo,travers lhistoire de sense Funakoshi pntrez dans lunivers du karat originel et remontez sa source lle dOkinawa et sa culture,,,k,Karate do Ma voie ma vie,https://boutiquedesartsmartiaux.com/products/karate-do-ma-voie-ma-vie-budo-editions
,Retrouvez dans ce DVD 35 techniques de self dfense Goshin Jutsu du Karat Shotokan intgrant des projections cls soumissions blocages frappes,Défense,,,Karat Shotokan Vol3 Self Dfense VP Masberg,https://boutiquedesartsmartiaux.com/products/karate-shotokan-vol3-self-defense-vp-masberg
,SynopsisCe film nest pas une vido de dmonstration ni mme une cassette dapprentissage basique de la discipline Cest une mthode de travail destine renforcer la dexterit et raccourcir le temps de raction au moment dune attaque il ne faut pas partir vite mais tt Sitt en action notre dfense et nos,défense,,,Karate Bushido DVD Krav Maga Vol4 Self dfense des pro,https://boutiquedesartsmartiaux.com/products/karate-bushido-dvd-krav-maga-vol-4-self-defense-des-pro
,SynopsisPassez au niveau suprieur avec ce programme de Krav Maga 3e Darga Retrouvez dans ce DVD Iintgralit des preuves expliques et dmontres par Richard Douieb et ses experts Combat couteau fusil bton chane tout est pass au crible Contenu additionnelTravail de combat de salle avec explications de,fusil,,,Karate Bushido DVD Krav maga ceinture noire 3me Darga,https://boutiquedesartsmartiaux.com/products/karate-bushido-dvd-krav-maga-ceinture-noire-3eme-darga
,Voici du matriel de pro pour tre au top pendant le Self Dfense Kali Rotin Kwon Premium 70cm Chez votre spcialiste Boutique des Arts Martiaux Franco 4900,Défense,,,Kali Rotin Kwon Premium 70 cm,https://boutiquedesartsmartiaux.com/products/kali-rotin-kwon-premium-70-cm
,Bton Kali Arnis Eskrima rattan FUJIMAE rouge Armes arts martiaux self dfense Boutique des Arts Martiaux a slectionn pour vous ce bton court type matraque FUJIMAE pour lentranement au Kali Arnis Eskrima Philippin longueur environ 66 cm en rattan Longueur 66 cm environ Poids 220 gr environ Matire rattan,défense,,,Kali philippin Rouge FUJIMAE,https://boutiquedesartsmartiaux.com/products/kali-philippin-rouge-fuji-mae
,Jyo standard en bois de htre Matire htre Longueur 127 cm environ taille standard adulte Diamtre 25 cm Poids 550 gr environ Couleur blanc Disciple Akido Kendo Iado self dfense ju jitsu Marque Sfjam Noris Code fournisseur AR420130H Code EAN Article encombrant faisant lobjet dun surcot de manu,défense,,,Jyo en bois de htre,https://boutiquedesartsmartiaux.com/products/jyo-en-bois-de-hetre
arsenal,A partir des mcanismes de passages de garde intrieurs et extrieurs dcouvrez les opportunits sur deux des plus redoutables soumissions de larsenal du JJB savoir le Juji Gatame et la Kimura,,,ar,JJB Finalisations par juji gatame et kimura VP MASBERG,https://boutiquedesartsmartiaux.com/products/jjb-finalisations-par-juji-gatame-et-kimura-vp-masberg
express,Jo akido FUJIMAE en bois ramin bois rouge traditionnel longueur 128 cm poids 600 gr En stock Livraison rapide et express,,,express,Jo chne rouge FUJIMAE,https://boutiquedesartsmartiaux.com/products/jo-chene-rouge-fuji-mae
,LeJJB sest impos au travers de ses victoires en comptition puise dans lunivers sauvage de la jungle urbaine brsilienne,défense,,,Jiu Jitsu brsilien Self dfense Budo Editions,https://boutiquedesartsmartiaux.com/products/jiu-jitsu-bresilien-self-defense-budo-editions
,Mthode officielle de self dfense Tome 1 par Richard Douieb chez Fuji Sport Toulouse spcialiste des arts martiaux et de la self dfense,défense,,,Japprends le Krav maga Ceinture jaune VP Masberg,https://boutiquedesartsmartiaux.com/products/j-apprends-le-krav-maga-ceinturejaune-vp-masberg
,WARRIORS 3LE RETOUR DES GUERRIERS DU KRAV KRAV MAGA KAPAP CLOSE COMBAT SELF DEFENSE PRO Par des experts internationaux en self dfense DVD 270 PLUS DE 100 TECHNIQUES Les experts de lICOSS International Confederation Of Self defense Systems partagent avec vous leur savoir accumul au cours de nombreuses an,défense,,,Indpendance prod Le retour des guerriers du Krav,https://boutiquedesartsmartiaux.com/products/independance-prod-le-retour-des-guerriers-du-krav
arsenal,JU JITSU VOLUTIF Par Marc BREMARTCe DVD a t ralis pour travailler des techniques de ju jitsu volutif mthode utilisant tout un arsenal de techniques trs efficacesRetrouverez galement dans ce DVD des dmonstrations lors de manifestations publiquesBONUS Chapitrage interactivit techniques de nunchaku fr,,,ar,Indpendance Prod Ju Jitsu volutif DVD Off,https://boutiquedesartsmartiaux.com/products/independance-prod-ju-jitsu-evolutif-dvd
,Ce dvd prsente une approche du travail mains nues et avec armes dans diffrentes disciplines Penchak Silat Kali Jeet Kune Do Dog Brothers Martial Arts Combat Libre Notre travail est essentiellement ax sur la self dfense et nas pas de vocation purement sportive Chaque disciplines est tudie part en,défense,,,Indpendance Prod ULTIMATE MARTIAL ARTS DVD,https://boutiquedesartsmartiaux.com/products/independance-prod-ultimate-martial-artsdvd
,Dans ce DVD de Self dfense vous allez trouver une application du Kajukenbo en situation urbaine film dans la rue et en tenue de ville Afin de rester naturels nous navons pas rpt les mouvements au pralable afin de montrer des ractions plutt instinctives que techniques Le travail ralis na rpondu qu u,défense,,,Indpendance Prod DVD KAJUKENBO Hawaiian Self Defense Off,https://boutiquedesartsmartiaux.com/products/independance-prod-dvd-kajukenbo-hawaiian-self-defense
,A travers ce DVD Philippe Avril 5me Dan de Nihon Tai Jitsu vous enseigne le Nihon Tai Jitsu qui est une mthode de Self Dfense des plus efficace et opposant la souplesse la force,Défense,,,Imagin Arts DVD SELF DEFENSE par le Nihon Tai Jistu,https://boutiquedesartsmartiaux.com/products/imagin-arts-dvd-self-defense-par-le-nihon-tai-jistu
,Iato fidle rplique non coupante du Katana sabre japonais traditionnel en acier carbone saya en bois et manche en peau de raie Excellent rapport qualit prix Boutique des Arts Martiaux Paiement 100 Scuris Livraison Rapide Gratuite,Magnum,,,Iato sabre dentranement en acier Magnum 02YA0517,https://boutiquedesartsmartiaux.com/products/iaito-sabre-d-entrainement-magnum
,Le hapkido est fond sur une connaissance mtabolique du corps humain permettant une apprhension physique psychologique et nergtique,défense,,,Hapkido Self dfense corenne Budo Editions,https://boutiquedesartsmartiaux.com/products/hapkido-self-defense-coreenne-budo-editions
asp,Du fait de son aspect dfensif le hapkido est un art martial fond essentiellement sur des techniques dautodfense,défense,,asp,Hapkido art coren dauto dfense Budo Editions,https://boutiquedesartsmartiaux.com/products/hapkido-art-coreen-d-auto-defense-budo-editions
,LHapkido est un art martial Coren spectaculaire et dcisif dont les techniques en font un des systmes de self dfense les plus efficaces et reconnus de part le monde,défense,,,Hapkido Programme officiel Budo International,https://boutiquedesartsmartiaux.com/products/hapkido-programme-officiel-budo-international
,Retrouvez ces Gants Kwon pour arts martiaux et self dfense utilisant des armes et notamment des btons Boutique des Arts Martiaux Livraison rapide et gratuite ds 49 dachat,défense,,,Gants pour Kali Eskrima Baton Kwon,https://boutiquedesartsmartiaux.com/products/gants-pour-kali-eskrima-baton-kwon
,Indispensables pour les sports avec liaison deboutsol les genouillres FUJIMAE ProSeries 20 offrent un maximum de protection idales pour la pratique de lIado du MMA et de la Self Dfense,défense,,,Genouillres ProSeries Self dfense Iado FUJIMAE,https://boutiquedesartsmartiaux.com/products/genouilleres-proseries-self-defense-iaido-fuji-mae
sig,Nouveau design et fabrication traditionnelle mettez vos adversaires KO avec les nouveaux Gants de MMA Venum Legacy NoirBlanc Boutique des Arts Martiaux Paiement Scuris en Franco de port Livraison gratuite ds 49 dachat,,,98,Gants de MMA Venum Legacy,https://boutiquedesartsmartiaux.com/products/gants-de-mma-venum-legacy
,Gants de MMA Sparring Adidas avec zone de protection renforce idal pour le sparring en MMA et self dfense Boutique des Arts Martiaux en Franco de port,défense,,,Gants de MMA Sparring Adidas ADICSG063 Boutique des Arts Martiaux,https://boutiquedesartsmartiaux.com/products/gants-de-mma-sparring-adidas
express,Dcouvrez nos Gants combat libre MMA Venum challenger en cuir PU En stock Livraison rapide et express,,,express,Gants combat libre MMA Venum challenger,https://boutiquedesartsmartiaux.com/products/gants-combat-libre-mma-venum-challenger
,Nouveau look les Gants de boxe Adidas speed 50 adapts linitiation la boxe la self dfense et sports de combat Malgr son petit prix il a tout dun grand,défense,,,Gants de boxe Adidas speed 50 Initiation ADISBG50 Equipement de Boxe,https://boutiquedesartsmartiaux.com/products/gant-de-boxe-adidas-speed-50
,Fusil dassaut SD C64 en polypropylne plastique TPR FUJIMAE idal pour la self dfense et entranement raliste en toute scurit,Fusil,,,FUJIMAE Fusil dassaut SDC64 en polypropylne,https://boutiquedesartsmartiaux.com/products/fusil-d-assaut-sd-c64-en-polypropylene-fuji-mae
,Marc Tedeschi reprend les principes et les techniques qui caractrisent la self dfense avec arme ou mains nues contre un agresseur arm,défense,,,Encyclopdie de combat Les armes,https://boutiquedesartsmartiaux.com/products/encyclopedie-de-combat-les-armes-budo-editions
tigre,cusson coudre 98 x 96 cm Tigre Personnalisez votre tenue vtements ou sacs et faites en un article unique grce ce magnifique cusson coudre leffigie tte de tigre Diamtre 98 x 96 cm Couleur multi couleurs Logo tte de Tigre Marque Kwon Code fournisseur 5007058 Code EAN 4250819520251,,,tigre,cusson brod Tigre Kwon,https://boutiquedesartsmartiaux.com/products/ecusson-brode-tigre-kwon
,En Chine lpe est larme qui inspire le plus de respect pour son efficacit et surtout pour son apprentissage est long et exigeant,arme,,,DVD Wudang Taiji Jian Epe Imagin Arts,https://boutiquedesartsmartiaux.com/products/dvd-wudang-taiji-jian-epee-imagin-arts
,Lcole Nihon Tai Jitsu se caractrise par sa recherche defficacit et de simplicit dans la pratique que lon soit dbutant ou confirm,défense,,,DVD Self dfense pour tous Boutique Arts Martiaux,https://boutiquedesartsmartiaux.com/products/dvd-self-defense-pour-tous-imagin-arts
,Raymond HA Carter pratiquant darts martiaux depuis plus de 30 ans nous rvle la progression technique du combat et de la dfense aquatique,défense,,,DVD Scuba Fighting Budo International,https://boutiquedesartsmartiaux.com/products/dvd-scuba-fighting-budo-international
asp,Dans ce DVD Erdogan Sen 5me Dan prsente les diffrents aspects du combat les principes du combat en karat diffrences entre la comptition et lautodfense,,,asp,DVD Les principes du combat en karatedo,https://boutiquedesartsmartiaux.com/products/dvd-les-principes-du-combat-en-karatedo
,Mthode moderne de self dfense dinspiration japonaise mais de conception occidentale le NIHON TAI JITSU de sense Roland Hernaez,défense,,,DVD Nihon Tai Jitsu Vol1 Boutique Arts Martiaux,https://boutiquedesartsmartiaux.com/products/dvd-nihon-tai-jitsu-vol1-imagin-arts
mab,La voie de la main le geste du silence est un tmoignage de la vie dun grand matre de karate d Mabuni Kenei sensei Cest un film exclusif et indit,,,f,DVD La voie de la main Budo Editions,https://boutiquedesartsmartiaux.com/products/dvd-la-voie-de-la-main-budo-editions
,Dans ce DVD le Docteur Yang Jwing Ming vous prsente la prochaine tape de ltudiant en Tachi Chuan qui est lapprentissage et la matrise de larme de prdilection chinoise lpe Aux ditions Budo,arme,,,DVD Lpe du tachi chuan Budo Editions Off,https://boutiquedesartsmartiaux.com/products/dvd-l-epee-du-taichi-chuan-budo-editions
,Lionel Froidure dans ce second volet de DVD Karat Dfense vous enseigne des techniques qui vous permettront dchapper vos agresseurs Boutique des Arts Martiaux Paiement 100 Scuris Livraison gratuite ds 4900,défense,,,DVD Karate dfense 2 Imagin Arts OFF,https://boutiquedesartsmartiaux.com/products/dvd-karate-defense-2-imagin-arts
,Prenez un cours domicile de self dfense approche ludique et pdagogique apprenez et approfondissez des techniques efficaces,défense,,,DVD Karate dfense Imagin Arts,https://boutiquedesartsmartiaux.com/products/dvd-karate-defense-imagin-arts
,Retrouvez Eric Laulagnet pour parfaire votre pratique de self dfense contre les attaques au couteau Des nouvelles techniques pour tre toujours prt Indpendance Prod,défense,,,DVD DEF CONTRE COUTEAU VOL 2,https://boutiquedesartsmartiaux.com/products/dvd-def-contre-couteau-vol-2
,Deux mille ans de savoir en matire de contrle de saisies de points vulnrables de luxations de cls la base de la self dfense,défense,,,Dvd Chin na du Shaolin Budo Editions,https://boutiquedesartsmartiaux.com/products/dvd-chin-na-du-shaolin-budo-editions
,Lcole Shinkendo est base sur lefficacit en combat ce style est utilis par la police de Tokyo laquelle Matre Obata a enseign,défense,,,DVD Akido self dfense Europennes de Magazines Off,https://boutiquedesartsmartiaux.com/products/dvd-aikido-self-defense-europeennes-de-magazines
,Le systema est un art du combat dorigine russe art de survie et art de vivre il rvolutionne la self dfense par son approche originale base sur des principes volutifs lis limprovisation au sein despaces chaotiques,défense,,,Devenir Fluide Combat et Improvisation en Systema Budo Editions,https://boutiquedesartsmartiaux.com/products/devenir-fluide-combat-et-improvisation-en-systema-budo-editions
asp,Au sommaire de ce second volume 2 Henry PLEE aborde les aspects Le psychisme dans le karat Les tui shou Choisir le bon moment et les vitalits animales,,,asp,Dmystification martiale vol 2 Budo Editions,https://boutiquedesartsmartiaux.com/products/demystification-martiale-vol-2-budo-editions
,Couteau caoutchouc courb Tanto dentranement lame courbe et semi souple Idal pour la pratique sans risque du maniement au couteau Discipline ju jitsu self dfense krav maga Niveau dbutant Matire caoutchouc Couleur noir argent Longueur 275 cm Poids 200 gr,défense,,,Couteau tanto caoutchouc ju jitsu,https://boutiquedesartsmartiaux.com/products/couteau-tanto-caoutchouc-courbe-noris
,Jim Wagner un des experts les plus en avant dans le monde de la dfense personnelle militaire et de policire propose la dfense contre couteau,défense,,,Jim Wagner dfense contre couteau Boutique Arts Martiaux,https://boutiquedesartsmartiaux.com/products/couteau-policier-et-militaire-par-sergent-wagner-budo-international
,Avec ce dcapsuleur forme de couteau papillon balisong Bker Magnum vous serez toujours prt dgainer avec modration plus dexcuses pour refuser la troisime mi temps,Magnum,,,Couteau papillon Balisong dcapsuleur,https://boutiquedesartsmartiaux.com/products/couteau-papillon-balisong-decapsuleur
,Couteau Karambit FGX Cold Steel pratique pour lentrainement en self dfense,défense,,,Couteau Karambit FGX Cold Steel,https://boutiquedesartsmartiaux.com/products/couteau-karambit-fgx-cold-steel
,Couteau dentranement aluminium droit Kwon idal pour lentranement raliste larme banche en arts martiaux et self dfense,arme,,,Couteau factice droit Kwon,https://boutiquedesartsmartiaux.com/products/couteau-factice-aluminium-long-kwon
,Couteau FGX Cold Steel pratique pour lentrainement en self dfense fabriqu au Japon excellente finition,défense,,,Couteau FGX Cold Steel,https://boutiquedesartsmartiaux.com/products/couteau-fgx-cold-steel
asp,Couteau factice self dfense FUJIMAE en TPR idal pour linitiation Lame droite 30 cm scurise par sa forme sans asprit pour viter les risques de blessure,défense,,asp,Couteau factice self dfense FUJIMAE Equipement AutoDfense Secur,https://boutiquedesartsmartiaux.com/products/couteau-d-entrainement-thermoplastique-fuji-mae
,Couteau factice en aluminium Kwon idal pour lentranement en self dfense et la pratique des arts martiaux,défense,,,Couteau aluminium court Kwon,https://boutiquedesartsmartiaux.com/products/couteau-en-aluminium-court-kwon
,Couteau dentranement caoutchouc Metal Boxe lame droite double tranchant de 31 cm idal pour une pratique sans dangers du maniement des armes de self dfense,défense,,,Couteau dentranement caoutchouc Metal Boxe Equipement Self dfense,https://boutiquedesartsmartiaux.com/products/couteau-d-entrainement-caoutchouc-metal-boxe
,Couteau dentranement COLD STEEL modle black bear classic idal pour vos entranement raliste en self dfense,défense,,,Couteau dentranement Black Bear Cold Steel,https://boutiquedesartsmartiaux.com/products/couteau-d-entrainement-black-bear-cold-steel
,Couteau en aluminium Kwon Boot Knife idal pour lentranement raliste larme blanche forme raliste et non blessante bouts arrondis la Boutique des Arts Martiaux Livraison rapide et gratuite ds 4900 dachats Stock disponible Meilleurs prix,arme,,,Couteau dentrainement aluminium Kwon Boutique des Arts Martiaux,https://boutiquedesartsmartiaux.com/products/couteau-d-entrainement-aluminium-kwon
,Couteau dentranement COLD STEEL Laredo Bowie idal pour lentranement raliste la self dfense,défense,,,Couteau dentrainement Laredo Bowie Cold Steel,https://boutiquedesartsmartiaux.com/products/couteau-d-entrainement-laredo-bowie-cold-steel
,Couteau sel dfense Jim Wagner avec marqueur de contact indispensable pour vos entranement ralistes,défense,,,Couteau dentrainement Jim Wagner,https://boutiquedesartsmartiaux.com/products/couteau-d-entrainement-jim-wagner-boker
,Couteau dEntranement FUJIMAE en thermoplastique TPR raliste et scuris Longueur 29 cm poids 120 g Idal pour self dfense et arts martiaux,Défense,,,Couteau dEntranement FUJIMAE Ralisme et Scurit Self Dfense,https://boutiquedesartsmartiaux.com/products/couteau-dentrainement-droit-fuji-mae
,Couteau dEntranement en Caoutchouc FUJIMAE 40119 raliste et scuris Longueur 29 cm poids 120 g Parfait pour self dfense et simulations,Défense,,,Couteau dEntranement en Caoutchouc FUJIMAE quipement Self Dfense,https://boutiquedesartsmartiaux.com/products/couteau-caoutchouc-fuji-mae
,Armes arts martiaux et self dfense Boutique des Arts Martiaux a slectionn pour vous cette dague lame droite double tranchant pour vos entranements ralistes idale pour la self dfense Livraison rapide et gratuite ds 4900 dachats Stock disponible,défense,,,Armes Arts Martiaux Couteau dague dentranement Dojo Master,https://boutiquedesartsmartiaux.com/products/couteau-dague-dentrainement-en-thermoplastique-fuji-mae
,Coquille slip Arts Martiaux Basic Line FujiMae destine la pratique des sports de combat et la self dfense en toute scurit la Boutique des Arts Martiaux,défense,,,Coquille Slip Arts Martiaux et Sports de Combat Basic FUJIMAE,https://boutiquedesartsmartiaux.com/products/coquille-slip-arts-martiaux-basic-line-fuji-mae
,Coquille anatomique Kwon adapte la pratique des arts martiaux self dfense sports de combat,défense,,,Coquille self dfense Kwon,https://boutiquedesartsmartiaux.com/products/coquille-self-defense-kwon
,Coquille suprieure renforce adidas adapte la pratique des arts martiaux self dfense sports de combat en entrainement et comptition Boutique des Arts Martiaux Paiement 100 Scuris Livraison Rapide Gratuite ds 69 dachat,défense,,,Coquille Advantage FUJIMAE 20620,https://boutiquedesartsmartiaux.com/products/coquille-advantage-fuji-mae
,Couteau Skean Dhu FGX Cold Steel pratique pour lentrainement en self dfense fuji sport toulouse,défense,,,Couteau entrainement Skean Dhu Cold Steel,https://boutiquedesartsmartiaux.com/products/cold-steel-couteau-entrainement-skean-dhu
,Arme mousse officielle de Yoseikan Budo le Combo Yoseikan Budo Kwon homologu par la Fdration Mondiale de Yoseikan Budo pour la pratique du combat au couteau,Arme,,,Combo Yoseikan Budo Kwon Tanto mousse Boutique des Arts Martiaux,https://boutiquedesartsmartiaux.com/products/combo-yoseikan-budo-kwon
,Bernard Bilicki prsente sa vision des bunkai en mode jutsu self dfense mettez de la richesse technique dans vos bunkai karat shotokanCR,défense,,,Coffret DVD Karate Vision Jutsu Imagin Arts,https://boutiquedesartsmartiaux.com/products/coffret-dvd-karate-vision-jutsu-imagin-arts
,Dans ce second volet sur la balle du tai chi le Dr Yang vous propose plus de 3 heures de pratique sur le thme Enrouler vriller et ses applications,balle,,,Chi kung de la balle du tachi Vol 2 Budo Editions,https://boutiquedesartsmartiaux.com/products/chi-kung-de-la-balle-du-taichi-vol-2-budo-editions
,Le travail de la balle exerce des bienfaits sur le contrle du chi et lhabilet dans les exercices de pousses de mains,balle,,,Chi kung de la balle du tachi Vol 1 Budo Editions,https://boutiquedesartsmartiaux.com/products/chi-kung-de-la-balle-du-taichi-vol-1-budo-editions
,Chaussures de boxe self dfense Mtal Boxe Viper I modle tige basse pour une plus grande libert de mouvement,défense,,,Chaussures boxe self dfense METAL BOXE,https://boutiquedesartsmartiaux.com/products/chaussures-boxe-self-defense-metal-boxe-viper-i
,Best seller des chaussures arts martiaux et self dfense Kwon modle premium dentranement conu pour la pratique en salle et en extrieur idal pour le Taekwondo,défense,,,Chaussures arts martiaux cuir Kwon 60810 blanc de Teakwondo Premium,https://boutiquedesartsmartiaux.com/products/chaussures-arts-martiaux-cuir-kwon
,Casque grille amovible Metal Boxe MB423 conu pour le combat extrme le sparring la self dfense et le MMA Casque avec grille en mtal et protection crnienne,défense,,,Casque grille amovible Metal Boxe MB423G I Equipement Arts Martiaux,https://boutiquedesartsmartiaux.com/products/casque-a-grille-amovible-metal-boxe
,Lutilisation de la Canne de self dfense Hapkido FujiMae comme arme est trs ancienne elle se caractrise par sa simplicit son efficacit et sa polyvalence,défense,,,Canne de self dfense Hapkido FujiMae Equipement Arts Martiaux,https://boutiquedesartsmartiaux.com/products/canne-de-self-defense-hapkido-fuji-mae
express,Budo International Livre Taekwondo les Poomsae de base 1 8 LTK94001 En tant quenchanement de mouvements et de techniques les formes constituent le catalogue lmentaire de chaque style Mais les formes sont bien plus que cela elles sont lexpression lmentaire de tout art martial En elles nous y trouvons le,,,express,Budo International Livre Taekwondo les Poomsae de base 1 8,https://boutiquedesartsmartiaux.com/products/budo-international-livre-taekwondo-les-poomsae-de-base-1-a-8
,Budo international Livre Kyusho Jutsu Les 10 meilleurs points vitaux LHF94023 disponible chez Fuji Sport Toulouse la rfrence de la vente en ligne pour self dfense et arts martiaux,défense,,,Kyusho Jutsu Premiers secours,https://boutiquedesartsmartiaux.com/products/budo-international-livre-kyusho-jutsu-premiers-secours
,Le succs du Krav Maga vient de son approche pratique dcouvrez cet ouvrage chez Fuji Sport Toulouse la rfrence en ligne,Défense,,,Budo International Livre Krav Maga Self Dfense Isralienne pour tou,https://boutiquedesartsmartiaux.com/products/budo-international-livre-krav-maga-self-defense-israelienne-pour-tous
,Bruce Lee prsente sa rflexion sur lart du combat et ralise une synthse des enseignements traditionnels darts martiaux,défense,,,Bruce Lee ma mthode de combat Self dfense,https://boutiquedesartsmartiaux.com/products/bruce-lee-ma-methode-de-combat-self-defense-budo-editions
,Bouclier dopposition gant Metal Boxe spcial Self dfense protecteur et polyvalent indispensable pour le travail plein contact avec armes en pieds poings CR,défense,,,Bouclier Self dfense Gant Metal Boxe,https://boutiquedesartsmartiaux.com/products/bouclier-self-defense-geant-metal-boxe
,Bouclier de frappe gant FUJIMAE conu pour la protection des instructeurs et partenaires en Self dfense et Sports de combat Idal pour le travail en plein contact avec et sans armes,défense,,,Bouclier de frappe XXL Coaching FUJIMAE,https://boutiquedesartsmartiaux.com/products/bouclier-de-frappe-xxl-coaching-fuji-mae
,Bouclier de frappe Kwon courb Bleu avec cible rouge 66 x 38 x 13 cm idal pour lentrainement aux frappes destin aux Arts martiaux Boxe Self dfense et MMA,défense,,,Bouclier de frappe Kwon courb Bleu I quipements Arts Martiaux,https://boutiquedesartsmartiaux.com/products/bouclier-de-frappe-kwon
,Nouvel quipement pour plus de fight le Bouclier de frappe et opposition Self dfense Metal Boxe Boutique des Arts Martiaux Paiement Scuris en Franco de port,défense,,,Bouclier de frappe et opposition Self dfense Metal Boxe MB1007,https://boutiquedesartsmartiaux.com/products/bouclier-de-frappe-et-opposition-self-defense-metal-boxe
,Arme en mousse FUJIMAE pour la pratique sans risque du Chanbara chokken 95X5 cm pour 380 gr environ,Arme,,,Bokken mousse Chanbara FUJIMAE 95 cm,https://boutiquedesartsmartiaux.com/products/bokken-mousse-chanbara-fuji-mae-95-cm
,Bokken Dojo rplique en bois du fameux sabre japonais le Katana Il est la principale arme utilise dans la pratique des arts martiaux japonais notamment en Akido Boutique des Arts Martiaux Paiement 100 Scuris Livraison Rapide Gratuite ds 49 dachat,arme,,,Armes bois Arts Martiaux Akido Bokken bois rouge Dojo Master,https://boutiquedesartsmartiaux.com/products/bokken-bois-rouge-dojo-master
,Fuji Sport Toulouse a soigneusement slectionn pour vous le Big Bob Punching Century Mannequin de frappe XL CY101692 un quipement dentranement idal pour les amateurs et professionnels des arts martiaux de la boxe et de la self dfense,défense,,,Mannequin de frappe Century Big Bob,https://boutiquedesartsmartiaux.com/products/big-bob-punching-century-mannequin-de-frappe-xl
,Bo bton long FUJIMAE en chne rouge 182 cm destin la pratique des arts martiaux karate kobudo self dfense,défense,,,Bo FUJIMAE 182 cm Fuji Sport Toulouse,https://boutiquedesartsmartiaux.com/products/bo-en-chene-rouge-182-cm-fuji-mae
,Batte de base ball moule par injection de polypropylne de haute qualit ce qui la rend incassable et idale pour la pratique de la self dfense et en usage de dfense personnelle,défense,,,Batte de base ball Brooklyn Crusher Cold Stee,https://boutiquedesartsmartiaux.com/products/batte-de-base-ball-brooklyn-crusher-cold-stee
,Bton court Kali FUJIMAE dcor armes dentranement aux arts martiaux philippin et self dfense Training Stick court en rattan lger et rsistant pour Kobudo,défense,,,Bton court Kali FUJIMAE dcor Armes Arts Martiaux Self defense,https://boutiquedesartsmartiaux.com/products/baton-kali-arnis-eskrima-decore-fuji-mae
tigre,Armes entranement arts martiaux philippin canne de dfense Bton Kali rotin Tigre 40620 FUJIMAE rput pour sa rsistance aux coups et son lasticit,défense,,tigre,Bton Kali rotin Tigre 40620 FUJIMAE Boutique des Arts Martiaux,https://boutiquedesartsmartiaux.com/products/baton-kali-arnis-eskrima-rotin-fuji-mae
,Pour tous les pratiquants de self dfense rapproch avec armes factices voici le compagnon idal Disponible en noir,défense,,,Bton mousse Small Kwon,https://boutiquedesartsmartiaux.com/products/baton-mousse-small-kwon
,Batte de Baseball Tremblay recouverte de mousse idale pour les entranement et linitiation en self dfense et arts martiaux,défense,,,Batte Baseball mousse Tremblay,https://boutiquedesartsmartiaux.com/products/batte-baseball-mousse-tremblay
,Bton Kali Eskrima Kwon en rotin disponible en 59 ou 71 cm arme arts martiaux et self dfense darts indispensable pour lentrainement au Bton Kali Eskrima Kwon,Arme,,,Bton Kali Eskrima Kwon en rotin I Arme Arts Martiaux et Self Dfense,https://boutiquedesartsmartiaux.com/products/baton-kali-eskrima-kwon-71-cm
,Bton mousse Metal Boxe Bleu pour lentranement la Self dfense et au Krav Maga en toute scurit la Boutique des Arts Martiaux Livraison gratuite ds 4900,défense,,,Bton mousse Metal Boxe Bleu ARE619 Equipement Arts Martiaux,https://boutiquedesartsmartiaux.com/products/baton-kali-arnis-eskrima-mousse-bleu-metal-boxe
,Arme entranement Bton court FUJIMAE Kali en rotin pour arts martiaux philippin et self dfense lger et rsistant Boutique des Arts Martiaux Meilleurs prix,Arme,,,Bton court FUJIMAE Kali en rotin Armes Arts Martiaux Entrainement,https://boutiquedesartsmartiaux.com/products/baton-court-fuji-mae-kali-en-rotin
,Bton Kali de self dfense mousse FujiMae armes dentrainement factice en mousse 60 cm pour lentranement au Kali Arnis Eskrima krav Maga en toute scurit,défense,,,Bton Kali de self dfense mousse FujiMae Equipement Arts Martiaux,https://boutiquedesartsmartiaux.com/products/baton-kali-arnis-eskrima-mousse-fuji-mae
,Arme entranement arts martiaux et self dfense pour la pratique du bton Philippin Kali Arnis Eskrima longueur 70 cm en bambou,Arme,,,Baton Kali 70 cm Danrho,https://boutiquedesartsmartiaux.com/products/baton-kali-70-cm-danrho
,Armes arts martiaux self dfense bton matraque de 63 cm en bois Noris pour lentranement et linitiation la self dfense et au ju jitsu,défense,,,Bton de self dfense Noris Fuji Sport Toulouse,https://boutiquedesartsmartiaux.com/products/baton-de-self-defense-kwon-noir
,Arme de dfense facilite la ralisation de frappes dfensives sures et efficaces de points de pression et de cls En stock,Arme,,,Mini Koga polypropylne Cold Steel,https://boutiquedesartsmartiaux.com/products/baton-de-defense-mini-koga-polypropylene-cold-steel
,Arme de dfense tactique discrte sre et incassable amliore grandement votre capacit de rispote en espace confin,défense,,,Bton de dfense Koga,https://boutiquedesartsmartiaux.com/products/baton-de-defense-koga-cold-steel
,Dcouvrez notre Balle de frappe Metal Boxe Carbon Fight Monster Ball recommand pour amliorer les fondamentaux de la Boxe par un travail en puissance et rapidit,Balle,,,Balle de frappe Metal Boxe Carbon Fight Monster Ball I Articles Boxe,https://boutiquedesartsmartiaux.com/products/balle-de-frappe-metal-boxe-carbon-fight-monster-ball
,La balle de raction FUJIMAE est utilise en prparation physique notamment pour dvelopper les qualits de coordination la vitesse de raction et la concentration,Balle,,,Balle de raction FUJIMAE,https://boutiquedesartsmartiaux.com/products/balle-de-reaction-fuji-mae
,Au programme Principes de Scurit Concepts Fondamentaux Les Frappes de Diversion Dfenses contre Bton rpertoire techniques complet Dfense contre Couteau,Défense,,,Arnis Kali Eskrima mains nues contre armes Imagin Arts,https://boutiquedesartsmartiaux.com/products/arnis-kali-eskrima-mains-nues-contre-armes-imagin-arts
atlas,Dune grande prcision ce livre se veut tre un atlas des points dacuponcture mis en perspective avec les structures musculaire et squelettique du corps,,,ti,Anatomie des points dacuponcture,https://boutiquedesartsmartiaux.com/products/anatomie-des-points-d-acupuncture-budo-editions
,Arosol de dfense anti agression Gel Poivre teinture de marquage de fabrication amricaine,défense,,,Arosol de dfense anti agression Gel Poivre 75 ml Fuentes,https://boutiquedesartsmartiaux.com/products/aerosol-de-defense-au-piment-rouge
,Larosol de dfense personnelle Camo rose est facile dutilisation et pratique avec sa formule 3 en 1 spray au piment rouge colorant didentification et porte cls,défense,,,Arosol de dfense 3 en 1 Lady Sabre,https://boutiquedesartsmartiaux.com/products/aerosol-de-defense-3-en-1-lady-sabre
atlas,Avec ses 100 illustrations anatomiques historiques en bichromie dont 4 planches grand format vritable atlas des points et mridiens dacupuncture Ce livre,,,ti,Acuponcture Chinoise Atlas,https://boutiquedesartsmartiaux.com/products/acuponcture-chinoise-atlas
,Arosol de dfense au piment rouge teinture de marquage de fabrication amricaine 4 fois plus puissant que la moyenne des arosols de dfense,défense,,,Arosol de dfense Gel Poivre 45 ml Fuentes,https://boutiquedesartsmartiaux.com/products/aerosol-de-defense-22-5ml
brand,description,generique,image,model,title,url
,T Shirt Self dfense FUJIMAE Training rsistant et lger FUJIMAE Boutique des Arts Martiaux Paiement Scuris Livraison gratuite ds 4900,défense,,,T Shirt Self dfense FUJIMAE Training,https://boutiquedesartsmartiaux.com/products/t-shirt-self-defense-training-fuji-mae
,Pantalon de Karate Mizuno Kiai Noir Confort Rsistance et Lgret le Choix idal pour les Pratiquants de Karat dArts Martiaux de Krav Maga et Self dfense,défense,,,Pantalon de Karate Mizuno Kiai Noir Equipements Arts Martiaux,https://boutiquedesartsmartiaux.com/products/pantalon-de-karate-mizuno-kiai-noir
,Boutique des Arts Martiaux Outil de Dfense Personnelle Discret et Efficace Dcouvrez le Kubotan rond votre compagnon de dfense personnelle compact et discret conu pour ressembler un stylo ordinaire mais avec une efficacit redoutable en situation durgence Cet accessoire souvent attach un porte cls offr,Défense,,,Kubotan Piranha Rond 134mm Boutique des Arts Martiaux,https://boutiquedesartsmartiaux.com/products/kubotan-piranha-rond-134mm
,Dans cette video Cours de Krav Maga Vol6 Dfense sur tranglements avec lavant bras retrouvez notre cours sur les dfenses sur des tranglements avec lavant bras,Défense,,,Cours de Krav Maga Vol6 Dfense sur tranglements avec lavant bras,https://boutiquedesartsmartiaux.com/products/cours-de-krav-maga-vol-6-defense-sur-etranglements-avec-lavant-bras
,Tonfa Plus de 150 Techniques simples et efficaces ce film dAlain FORMAGGIO vous dmontre des techniques de self dfense avec Tonfa en situation dans la rue,défense,,,Tonfa Plus de 150 Techniques simples et efficaces,https://boutiquedesartsmartiaux.com/products/tonfa-plus-de-150-techniques-simples-et-efficaces
,Warriors Les Guerriers des Temps Modernes Krav Maga Kapap Close Combat Double DVD par des experts en self dfense LICOSS International Confederation,défense,,,Warriors Les Guerriers des Temps Modernes Krav Maga Kapap,https://boutiquedesartsmartiaux.com/products/warriors-les-guerriers-des-temps-modernes-krav-maga-kapap-close-combat
,Bton court Kali dcor 66 cm Dojo Master armes dentranement aux arts martiaux philippin et self dfense Training Stick court en rattan lger et rsistant,défense,,,Bton court Kali dcor 66 cm Dojo Master Armes Arts Martiaux,https://boutiquedesartsmartiaux.com/products/baton-court-kali-decore-66-cm-dojo-master
,Facile transporter le Kubotan Bavaria en bois de htre Kwon tient dans la main peut tre utilis comme renforceur dimpact ou comme amplificateur de pression,défense,,,Kubotan Bavaria en bois de htre Kwon Equipement Self dfense,https://boutiquedesartsmartiaux.com/products/kubotan-bavaria-en-bois-de-hetre-kwon
asp,Dcouvrez les Chaussures de Lutte FUJIMAE Challenger 20 conues pour les athltes aspirant exceller dans les arts martiaux idal pour dbuter la lutte la boxe,,,asp,Chaussures de Lutte FUJIMAE Challenger 20 Boutique de la lutte,https://boutiquedesartsmartiaux.com/products/chaussures-de-lutte-fujimae-challenger-2-0
,Balle de Gymnastique Gym Ball Booster pour Fitness et Pilates Amliorez votre quilibre renforcez votre core et augmentez votre souplesse avec notre Gym Ball Booster conue spcialement pour les pratiquants de fitness et de pilates Fabrique en PVC ultra rsistant cette balle de gymnastique est laccessoire,Balle,,,Gym Ball Booster Boutique des Arts Martiaux et Sports de Combat,https://boutiquedesartsmartiaux.com/products/gym-ball-booster
star,Gants de Boxe King Pro Boxing Star 3 Conus pour la Performance Fabriqus en Thalande les gants de boxe King Pro Boxing Star 3 offrent une protection suprieure grce leur conception en cuir de vachette et leur rembourrage en mousse multicouches mmoire de forme Conus pour assurer la scurit de,,,fr,Gants de Boxe King Pro Boxing Star 3 NoirMarron Boutique Boxe,https://boutiquedesartsmartiaux.com/products/gants-de-boxe-king-pro-boxing-star-3-noir-marron
,Plastron Self dfense EPG V5 RD Boxing Protection Maximale Le Plastron Self dfense EPG V5 RD Boxing est conu pour offrir une protection intgrale lors de vos entranements de Krav Maga Self dfense et autres techniques dEPG Enseignement Police Gendarmerie Idal pour les pratiques intensives il permet un,défense,,,Plastron Self dfense EPG V5 RD Boxing Boutique Sports de Combat,https://boutiquedesartsmartiaux.com/products/plastron-self-defense-epg-v5-rd-boxing
,Bton dentranement pour autodfense Modle TDI Rouge Le Bton dentranement TDI Rouge est spcialement conu pour les pratiquants de self dfense et darts martiaux souhaitant amliorer leur matrise technique dans des conditions ralistes Sa fabrication en PU et mousse HD avec un noyau en matire plastique,défense,,,Bton dentranement Auto dfense TDI Rouge RD Boxing Boutique,https://boutiquedesartsmartiaux.com/products/baton-dentrainement-auto-defense-tdi-rouge-rd-boxing
,Batte de Self Dfense en Polypropylne Piranha 545 cm Dcouvrez la robustesse et la fiabilit avec notre batte de self dfense Piranha conue spcifiquement pour votre scurit et votre entranement en arts martiaux Fabrique en polypropylne de haute qualit cette batte combine durabilit et lgret pour une,défense,,,Batte de self dfense en polypropylne Piranha 545 cm Arts Martiaux,https://boutiquedesartsmartiaux.com/products/batte-de-self-defense-en-polypropylene-piranha
,Revolver Factice Piranha 357 Magnum pour la Self Dfense Dcouvrez le revolver factice Piranha 357 Magnum loutil idal pour la formation la self dfense Exclusivement disponible sur Boutique des Arts Martiaux ce modle rplique avec prcision les dimensions dun vrai 357 Magnum pour une exprience dentranement,Revolver,,,Revolver factice de self defense Piranha 357 Magnum Arts Martiaux,https://boutiquedesartsmartiaux.com/products/revolver-factice-de-self-defense-piranha-357-magnum
,Tonfa Tlescopique Piranha Robustesse et Performance Dcouvrez le Tonfa Tlescopique Piranha conu spcialement pour les pratiquants darts martiaux et les professionnels de la scurit Ce tonfa tlescopique combine durabilit et efficacit idal pour lentranement et lusage professionnel Caractristiques,Défense,,,Tonfa Tlescopique Piranha Boutique de la Self Dfense et Sports,https://boutiquedesartsmartiaux.com/products/tonfa-telescopique-piranha
,Canne de Self Dfense Piranha 785 cm en Polypropylne Dcouvrez la canne de self dfense Piranha un outil essentiel pour votre scurit personnelle disponible exclusivement sur Boutique des Arts Martiaux Conue pour les pratiquants darts martiaux et toute personne soucieuse de sa scurit cette canne combine,défense,,,Canne de self dfense en polypropylne Piranha 785 cm Arts Martiaux,https://boutiquedesartsmartiaux.com/products/canne-de-self-defense-en-polypropylene-piranha
,Optimisez votre pratique avec notre T Shirt Krav Maga FUJIMAE spcialement conu pour rpondre aux besoins des pratiquants de Krav Maga et Self Dfense,Défense,,,T Shirt Krav Maga FUJIMAE Boutique des Arts Martiaux et Sports,https://boutiquedesartsmartiaux.com/products/t-shirt-krav-maga-fujimae
mab,Kit de Boxe Adidas Speed 7 Gants Speed 50 bandes de maintien 255 cm protge dents thermoformable Idal pour tous niveaux Tailles 8 14 Oz,,,1,Kit de Boxe Adidas Speed 7 Noir Boutique des Arts Martiaux et Sports,https://boutiquedesartsmartiaux.com/products/kit-de-boxe-adidas-speed-7
,Pour un entrainement plus professionnel et raliste voici le Tonfa Self dfense en carbone Noris rplique russie de loriginal utilis par les forces de lordre,défense,,,Tonfa Self dfense en carbone Noris Equipement Self dfense,https://boutiquedesartsmartiaux.com/products/tonfa-self-defense-en-carbonne-noris
,Sabre de Kung Fu polypropylne FUJIMAE 72 cm pour dentrainement Wu Shu Ralisme et Scurit conu spcifiquement pour une pratique raliste du Kung Fu WuShu,Arme,,,Sabre de Kung Fu polypropylne FUJIMAE 72 cm 402537 Arme Chinoise,https://boutiquedesartsmartiaux.com/products/sabre-de-kung-fu-polypropylene-fuji-mae-72-cm-402537
asp,Notre Kimono de Karate Kumite FUJIMAE ProWear a t conu pour les Karateka confirms la recherche de lexcellence dans chaque aspect de leur entranement combat,,,asp,Kimono de Karate Kumite FUJIMAE ProWear Boutique des Arts Martiaux,https://boutiquedesartsmartiaux.com/products/kimono-de-karate-kumite-fujimae-prowear
,Description du Livre de Jim Wagner Budo International Livre Auto Dfense personnelle et Professionnelle Dcouvrez les principes tactiques avancs pour la dfense p,Défense,,,Budo International Livre Auto Dfense personnelle et Professionnelle,https://boutiquedesartsmartiaux.com/products/budo-international-livre-auto-defense-personnelle-et-professionnelle
,FUJIMAE Baton de dfense poigne latrale la dcouverte du Tonfa Le tonfa traditionnellement utilis en arts martiaux est une arme distinctive avec une form,défense,,,Tonfa Police FUJIMAE Noir 40301,https://boutiquedesartsmartiaux.com/products/tonfa-police-fuji-mae-noir-40301
,Dcouvrez notre Bton bton dentranement Autodfense TDI RD Boxing spcialement conu pour les pratiquants de self dfense et les et les experts du KRAV MAGA,défense,,,Bton dentranement Autodfense TDI RD Boxing I Equipement dfense,https://boutiquedesartsmartiaux.com/products/baton-dentrainement-auto-defense-tdi-noir-rd-boxing
,Dcouvrez le Fightshort Venum Camo Hero Le Fightshort Venum Camo Hero clbre lhonneur suprme incarnant la bravoure et la dfense des valeurs chres son porteur Dot dun design camouflage sublim ce short de MMA rvolutionne les standards avec une lgance martiale ingale Conception et Durabilit Fabriqu en,défense,,,Fight short Venum Camo Hero VertMarron,https://boutiquedesartsmartiaux.com/products/fight-short-venum-camo-hero
asp,Gant de Boxe Venum Contender 15 Idal pour Dbutants Dcouvrez le Gant de Boxe Venum Contender 15 Conu pour les Aspirants Boxeurs Intgrez la srie Venum Contender plbiscite pour ses quipements dentre de gamme de haute qualit avec le gant de boxe Venum Contender 15 Ce modle est spcialement conu pour,,,asp,Gants de Boxe Venum Contender 15 GrisOr,https://boutiquedesartsmartiaux.com/products/gants-de-boxe-venum-contender-1-5-gris-or-10-oz
,Tonfa Okinawa court en bois naturel rond 8001016 Paire de Tonfa en bois utiliss dans les arts martiaux traditionnels japonais et en Kobudo Arme chinoise de forme arrondie en chne modle court Boutique des Arts Martiaux Livraison rapide et gratuite ds 4900 dachats Stock disponible Meilleurs prix,Arme,,,Tonfa en bois rond court Kwon 8001016 Boutique des Arts Martiaux,https://boutiquedesartsmartiaux.com/products/tonfa-en-bois-rond-court-kwon-8001016
,Nunchaku Bois Chane Hexagonal Naturel 30 cm NS17 Optez pour qualit et performance avec notre Nunchaku Bois Chane Hexagonal Naturel idal pour les pratiquants des arts martiaux et la self dfense Caractristiques Techniques Longueur de bton 30 cm adapte pour une manipulation aise et prcise Diamtre 3 cm,défense,,,Nunchaku Bois Chane Hexagonal Naturel 30 cm NS17,https://boutiquedesartsmartiaux.com/products/nunchaku-bois-chaine-hexagonal-naturel-30-cm-ns17
mab,Nunchaku Matraque Transformable Mtal NS11 Dcouvrez le Nunchaku Matraque Transformable NS11 un outil polyvalent pour lauto dfense et les passionns darts martiaux Fabriqu en acier raffin il allie durabilit et efficacit Caractristiques du produit Longueur de bton 27 cm offrant une maniabilit optimale D,défense,,1,Nunchaku Matraque Transformable Mtal NS11,https://boutiquedesartsmartiaux.com/products/nunchaku-matraque-transformable-metal-ns11
,Couteau papillon balisong dentranement Max Knives Initiez vous en toute scurit la pratique du couteau papillon la fameuse arme philippine balisong laide de ce balisong dentranement Max knives Sa lame non tranchante a t spcialement conue pour linitiation des dbutants et les entrainements ralistes,arme,,,Couteau papillon dentrainement Max Knives,https://boutiquedesartsmartiaux.com/products/couteau-papillon-dentrainement-max-knives-bleu
,Bokken chne 100 cm livr avec tsuba FUJIMAE Bokken chne blanc qualit suprieure FUJIMAE Le bokken ou bokut est une rplique en bois du mythique sabre japonais le Katana Il est la principale arme utilise dans la pratique des arts martiaux japonais,arme,,,Bokken chne blanc FUJIMAE qualit suprieure,https://boutiquedesartsmartiaux.com/products/bokken-chene-blanc-fuji-mae-qualite-superieure
tigre,Bton Kali Arnis Eskrima rotin FUJIMAE 66 cm Armes arts martiaux philippin et self dfense FUJIMAE Fuji Sport Toulouse a slectionn pour vous cette canne de manille bton traditionnel en rotin rput pour sa rsistance aux coups et son lasticit Idal pour lentranement au Kali Arnis Eskrima Kobudo Wing Tsun,défense,,tigre,Bton Kali Arnis Eskrima Rattan Tigre 66 cm FUJIMAE,https://boutiquedesartsmartiaux.com/products/baton-kali-arnis-eskrima-rattan-tigre-66-cm-fuji-mae
,Les Sabres Japonais Plus quune Arme un Hritage Culturel Les Sabres Japonais Un Symbole de Pouvoir et dArt Les guerriers japonais ont toujours peru leur sabre comme bien plus quune simple arme Cet objet symbolise une fusion entre lart martial et la spiritualit incarnant la fois un instrument mortel et un v,Arme,,,Le Sabre Japonais Hritage Culturel de la Nation,https://boutiquedesartsmartiaux.com/products/le-sabre-japonais-heritage-culturel-de-la-nation
mab,Le Samoura de Dieu LHistoire Mconnue du Soulvement de Shimabara En novembre 1637 le Japon alors sous le rgne du shogun Tokugawa Iemitsu fut tmoin de lun des plus grands soulvements populaires de son histoire Cette rvolte connue sous le nom de soulvement de Shimabara a t mene par Amakusa Shiro un j,,,1,Le Samoura de Dieu Off,https://boutiquedesartsmartiaux.com/products/le-samourai-de-dieu
asp,Gants de Boxe Metal Boxe Entrainement Starter Introduisant les Gants de boxe entrainement STARTER Metal Boxe lquipement idal pour les aspirants boxeurs et les passionns de sport de combat Ces gants sont non seulement parfaits pour une utilisation rgulire mais ils allient galement esthtique sobre une conce,,,asp,Gants dentrainement Metal Boxe Starter NoirKaki,https://boutiquedesartsmartiaux.com/products/gants-dentrainement-metal-boxe-starter-noir-kaki-10-oz
,Bouclier de frappe Ringhorns Charger Augmentez votre puissance de frappe Optimisez vos entranements avec le bouclier de frappe Ringhorns Charger conu spcifiquement pour les passionns souhaitant affiner leurs techniques de coups de pied et transformer leur force en une arme redoutable Intgral toute prparatio,arme,,,Bouclier de frappe RingHorns Charger,https://boutiquedesartsmartiaux.com/products/bouclier-de-frappe-ringhorns-charger
asp,Pistolet dentranement FUJIMAE SD H93C Lexcellence en simulation raliste Directement inspir du modle de police compact HK USP largement reconnu le pistolet dentranement FUJIMAE SD H93C simpose comme la rfrence pour ceux qui aspirent une formation rigoureuse et sans risques De la manipulation la rtent,Pistolet,,asp,Pistolet dentrainement FUJIMAE SD H93C Noir,https://boutiquedesartsmartiaux.com/products/pistolet-dentrainement-fuji-mae-sd-h93c-noir
,Pistolet dentranement FUJIMAE SD H93C Simulation raliste pour la pratique sre Inspir du renomm modle de police compact HK USP le pistolet dentranement FUJIMAE SD H93C est un outil indispensable pour tous ceux qui cherchent une pratique authentique sans risque Que ce soit pour la manipulation le transport,Pistolet,,,Pistolet dentrainement FUJIMAE SD H93C Jaune Fluo,https://boutiquedesartsmartiaux.com/products/pistolet-dentrainement-fuji-mae-sd-h93c-jaune-fluo
,Nunchaku en plastique dur plus rsistant que les modles en bois idal pour les pratiquants confirms les dmonstrations et la pratique de la self dfense,défense,,,Nunchaku rond en plastique dur Noir,https://boutiquedesartsmartiaux.com/products/nunchaku-rond-en-plastique-dur-noir
,Vous serez toujours prt avec cette arme discrte la premire approche qui saura se montrer infaillible en cas de besoin Boutique des Arts Martiaux Paiement Scuris en Franco de port Livraison gratuite ds 49 dachat,défense,,,Kubotan porte cl de dfense Bambou Piranha Rose,https://boutiquedesartsmartiaux.com/products/kubotan-porte-cle-de-defense-bambou-piranha-rose
,Chaussures FUJIMAE arts martiaux polyvalentes blanches non marquantes et sans lacets idales pour les Arts Martiaux et la Self Dfense,Défense,,,Chaussures arts martiaux noires FUJIMAE 37,https://boutiquedesartsmartiaux.com/products/chaussures-arts-martiaux-noires-fuji-mae-37
,Retrouvez ce Rtelier mural Rack pour arme 8 units FUJIMAE Noir dans votre Boutique des Arts Martiaux Paiement Scuris Livraison rapide et gratuite ds 49 dachat,arme,,,Armes bois Akido Prsentoir mural pour armes 8 units FUJIMAE,https://boutiquedesartsmartiaux.com/products/ratelier-mural-rack-pour-arme-08-unites-fuji-mae-noir
,Bouclier de Self Dfense ergonomique Kwon conu pour la pratique de la Self dfense le kali les Arts Martiaux idal pour lentranement aux techniques droites et directes multi directionnelles,défense,,,Bouclier Pao Self dfense ergonomique Kwon Noir,https://boutiquedesartsmartiaux.com/products/bouclier-pao-self-defense-ergonomique-kwon-noir
,Description du Produit Dcouvrez notre sabre de Kung Fu en acier chrom spcialement conu pour les pratiquants de Wu Shu Cette arme semi souple est idale pour les entranements de Kung Fu Wu Shu et Tai Chi Caractristiques Techniques Matriau Fabriqu en acier de haute qualit avec une finition chrome pour une,arme,,,Sabre de Tai Chi Kung Fu en acier FUJIMAE 40248,https://boutiquedesartsmartiaux.com/products/sabre-de-tai-chi-kung-fu-en-acier-fuji-mae
sig,Retrouvez un pantalon spcialement conu pour la pratique de lauto dfense sign FUJIMAE Boutique des Arts Martiaux Paiement Scuris Livraison rapide et gratuite ds 49 dachat,défense,,98,Pantalon de Krav Maga FUJIMAE Noir 12826,https://boutiquedesartsmartiaux.com/products/pantalon-de-krav-maga-fuji-mae-noir-160-cm
asp,Pantalon dentranement BJJ Gi Training Offert sparment pour permettre des combinaisons de tailles diverses et des mises niveau de votre quipement BJJ au coup par coup Le BJJ Gi Training nouvellement conu aspire tre le meilleur uniforme dentranement disponible sur le march Rsistant au rythme effrn de,,,asp,Pantalon de JJB FUJIMAE Training 2 Blanc,https://boutiquedesartsmartiaux.com/products/pantalon-de-jiu-jitsu-bresilien-training-2-fuji-mae-blanc-a1
,Bton de Self Dfense FUJIMAE en mousse idal pour Kali Krav Maga et Eskrima Scuris et robuste longueur 66 cm vendu lunit Parfait pour dbutants,défense,,,Bton de self dfense mousse FUJIMAE Noir I Kali mousse 66 cm 40669,https://boutiquedesartsmartiaux.com/products/baton-de-self-defense-mousse-fuji-mae-noir
