brand,description,generique,image,json_desc,model,title,url
,Une slection de coffres forts pour armes de poing et armoires fusils pour vos fusils de chasse carabines 22LR carabines air comprim Nous vous conseillons en tant que spcialiste des armes pour vous guider dans votre choix de nombreux types de coffre existe en fonction du modle darme que vous souhaitez stocker armes de poing carabines ou fusils Les rteliers intgrs permettent de stocker 4 armes 6 armes 8 armes 9 armes 11 armes Certains coffres peuvent vous permettre de stocker jusqu 18 armes ou 23 armes Des tagres amovibles peuvent galement vous permettent de stocker vos accessoires optiques silencieux de grandes valeurs et stocker vos munitions Un bon coffre fort est indispensable pour scuriser vos armes chez vous intrusion ou scurit de vos proches vos armes seront gardes en lieu sr grce des cadenas verrou des serrures lectroniques ou cl Les portes sont conues avec des systmes anti levier des verrouillages par cylindres en acier des trous pour fixation au mur et au sol qui rendent vos coffres infracturables Ranger vos armes dans de bonnes conditions est la meilleure manire de les protger et de les entretenir sur le long terme Vous trouverez dans notre catalogue de produit des dshumidificateurs qui permettent dabsorber lhumidit Lhumidit est lennemi des armes elle fait rouiller les armes ainsi sen prmunir est indispensable et vite beaucoup de soucis,arme,,,,Destockage Coffres forts armes,https://www.armurerie-lavaux.com/destockages/coffres-forts-armes.html
,Vente en ligne de pistolets et carabines plomb air comprim carabines 22lr armes catgorie B et darmes de dfense bombe lacrymogne gomme cogne matraque,Munitions,,,,Destockage Munitions,https://www.armurerie-lavaux.com/destockages/Munitions.html
,Une slection de coffres forts pour armes de poing et armoires fusils pour vos fusils de chasse carabines 22LR carabines air comprim Nous vous conseillons en tant que spcialiste des armes pour vous guider dans votre choix de nombreux types de coffre existe en fonction du modle darme que vous souhaitez stocker armes de poing carabines ou fusils Les rteliers intgrs permettent de stocker 4 armes 6 armes 8 armes 9 armes 11 armes Certains coffres peuvent vous permettre de stocker jusqu 18 armes ou 23 armes Des tagres amovibles peuvent galement vous permettent de stocker vos accessoires optiques silencieux de grandes valeurs et stocker vos munitions Un bon coffre fort est indispensable pour scuriser vos armes chez vous intrusion ou scurit de vos proches vos armes seront gardes en lieu sr grce des cadenas verrou des serrures lectroniques ou cl Les portes sont conues avec des systmes anti levier des verrouillages par cylindres en acier des trous pour fixation au mur et au sol qui rendent vos coffres infracturables Ranger vos armes dans de bonnes conditions est la meilleure manire de les protger et de les entretenir sur le long terme Vous trouverez dans notre catalogue de produit des dshumidificateurs qui permettent dabsorber lhumidit Lhumidit est lennemi des armes elle fait rouiller les armes ainsi sen prmunir est indispensable et vite beaucoup de soucis,arme,,,,Arrivages Coffres forts armes fvrier 2025,https://www.armurerie-lavaux.com/arrivages/coffres-forts-armes.html
,Une slection de coffres forts pour armes de poing et armoires fusils pour vos fusils de chasse carabines 22LR carabines air comprim Nous vous conseillons en tant que spcialiste des armes pour vous guider dans votre choix de nombreux types de coffre existe en fonction du modle darme que vous souhaitez stocker armes de poing carabines ou fusils Les rteliers intgrs permettent de stocker 4 armes 6 armes 8 armes 9 armes 11 armes Certains coffres peuvent vous permettre de stocker jusqu 18 armes ou 23 armes Des tagres amovibles peuvent galement vous permettent de stocker vos accessoires optiques silencieux de grandes valeurs et stocker vos munitions Un bon coffre fort est indispensable pour scuriser vos armes chez vous intrusion ou scurit de vos proches vos armes seront gardes en lieu sr grce des cadenas verrou des serrures lectroniques ou cl Les portes sont conues avec des systmes anti levier des verrouillages par cylindres en acier des trous pour fixation au mur et au sol qui rendent vos coffres infracturables Ranger vos armes dans de bonnes conditions est la meilleure manire de les protger et de les entretenir sur le long terme Vous trouverez dans notre catalogue de produit des dshumidificateurs qui permettent dabsorber lhumidit Lhumidit est lennemi des armes elle fait rouiller les armes ainsi sen prmunir est indispensable et vite beaucoup de soucis,arme,,,,Nouveauts Coffres forts armes,https://www.armurerie-lavaux.com/nouveautes/coffres-forts-armes.html
,Vente en ligne de pistolets et carabines plomb air comprim carabines 22lr armes catgorie B et darmes de dfense bombe lacrymogne gomme cogne matraque,Munitions,,,,Nouveauts Munitions,https://www.armurerie-lavaux.com/nouveautes/Munitions.html
,Bienvenue dans notre section ddie aux optiques pour armes de chasse et de tir Que vous soyez un chasseur passionn un tireur sportif ou simplement un amateur de tir de prcision notre gamme doptiques rpondra tous vos besoins Voici une prsentation dtaille des diffrents types doptiques disponibles sur notre site Les lunettes de Tir Les lunettes de tir sont spcialement conues pour amliorer la prcision et la porte des tireurs sportifs Elles se caractrisent par un grossissement variable ou fixe selon le type de tir et des rticules prcis comme le Mil Dot ou le Duplex La qualit optique des lentilles souvent multicouches assure une clart et une luminosit maximales La construction robuste des lunettes de tir les rend rsistantes leau et aux chocs offrant ainsi une durabilit essentielle pour les conditions exigeantes des comptitions de tir Les lunettes de Chasse Conues pour les conditions varies que les chasseurs rencontrent sur le terrain les lunettes de chasse combinent robustesse et prcision Elles offrent un large champ de vision indispensable pour suivre des cibles en mouvement et sont construites pour rsister aux intempries et aux chocs Les rticules lumineux amliorent la visibilit dans des conditions de faible luminosit et les ajustements rapides permettent de sadapter rapidement aux distances variables rencontres en chasse Les lunettes pour Carabines Plombs Adaptes aux armes air comprim les lunettes pour carabines plombs offrent des performances optimales pour le tir courte et moyenne distance Elles prsentent souvent un grossissement modr entre 3x et 9x et disposent dune parallaxe rglable pour des tirs prcis des distances varies Leur lgret est un atout car elle ne dsquilibre pas la carabine plombs assurant ainsi une manipulation aise et une prcision accrue Les viseurs Les viseurs quils soient point rouge holographiques ou prismatiques sont idaux pour un engagement rapide de la cible Ils permettent une acquisition rapide de la cible grce des points rouges lumineux ce qui rend la vise instantane Polyvalents ils peuvent tre utiliss sur diffrents types darmes et sont conus pour rsister aux chocs et aux conditions difficiles offrant ainsi une fiabilit maximale en toutes circonstances Les magnifiers Les magnifiers sont des dispositifs de grossissement qui se placent derrire un viseur point rouge ou holographique permettant daugmenter la porte sans changer de viseur Compatibles avec une large gamme de viseurs ils basculent facilement pour passer du grossissement au point rouge normal offrant ainsi une grande simplicit dutilisation Leur construction robuste les rend rsistants aux conditions de terrain rigoureuses assurant une durabilit et une fiabilit exceptionnelles Les jumelles et longues Vues dObservation Indispensables pour lobservation et la reconnaissance longue distance les jumelles et longues vues dobservation offrent une vue dtaille et claire Les jumelles sont idales pour les chasseurs et les observateurs de la faune avec un large champ de vision et une excellente qualit optique Les longues vues quant elles sont utilises pour une observation trs longue distance et sont souvent combines avec un trpied pour une stabilit accrue La qualit des lentilles souvent haute dfinition assure une clart et un contraste suprieurs essentiels pour une observation prcise Nous offrons une vaste gamme doptiques pour rpondre aux besoins de tous les tireurs et chasseurs Que vous recherchiez la prcision ultime pour le tir sportif la robustesse pour la chasse ou la simplicit et lefficacit pour le tir rcratif vous trouverez lquipement parfait dans notre slection Explorez notre catalogue pour dcouvrir des produits de haute qualit qui amlioreront vos performances sur le terrain,carabine,,,,Destockage Optiques,https://www.armurerie-lavaux.com/destockages/Optiques.html
uberti,Retrouvez sur notre site un trs grand choix darmes poudre noire revolver pistolet ou fusils Ces armes anciennes vous permettent de tirer des balles comme nos anctres La poudre noire est lexplosif chimique le plus vieux que nous connaissons elle est utilise pour des pistolets des revolvers mais aussi pour les canons Si aujourdhui elle nest plus utilise dans nos armes modernes son utilisation a marqu lhistoire cowboy pirates ou gentilshommes leur usage tait courant avant lapparition de nos armes modernes Les fabricants continuent de satisfaire les passionns des armes anciennes et historiques en recrant lidentique des armes mythiques Ainsi vous trouverez sur notre site de quoi satisfaire votre passion pour les reconstitutions historiques des marques Investarm Pietta Uberti ou David Perdesoli Colt Navy 1851 Colt Army Sheriff 1860 Remington 1858 New Army Remington 1858 Buffalo admirez ces armes de lgende en coffret pour offrir ou pour le plaisir en kit monter ou en kit prt tirer Nous vous proposons galement un large choix daccessoires barillet poire poudre amorce poudre noire PNF2 balle moule balle doseur prouvette cl chemine holster et pices dtaches Les armes poudre noire sont des armes part entire qui ont la particularit dtre en vente libre aux personnes majeures catgorie D Leur utilisation est cependant rserver aux personnes avises car elles sont aussi efficaces que les armes modernes et peuvent causer des blessures mortelles,revolver,,,1860,Destockage Armes Poudre Noire,https://www.armurerie-lavaux.com/destockages/Armes-Poudre-Noire.html
,Bienvenue dans notre section ddie aux optiques pour armes de chasse et de tir Que vous soyez un chasseur passionn un tireur sportif ou simplement un amateur de tir de prcision notre gamme doptiques rpondra tous vos besoins Voici une prsentation dtaille des diffrents types doptiques disponibles sur notre site Les lunettes de Tir Les lunettes de tir sont spcialement conues pour amliorer la prcision et la porte des tireurs sportifs Elles se caractrisent par un grossissement variable ou fixe selon le type de tir et des rticules prcis comme le Mil Dot ou le Duplex La qualit optique des lentilles souvent multicouches assure une clart et une luminosit maximales La construction robuste des lunettes de tir les rend rsistantes leau et aux chocs offrant ainsi une durabilit essentielle pour les conditions exigeantes des comptitions de tir Les lunettes de Chasse Conues pour les conditions varies que les chasseurs rencontrent sur le terrain les lunettes de chasse combinent robustesse et prcision Elles offrent un large champ de vision indispensable pour suivre des cibles en mouvement et sont construites pour rsister aux intempries et aux chocs Les rticules lumineux amliorent la visibilit dans des conditions de faible luminosit et les ajustements rapides permettent de sadapter rapidement aux distances variables rencontres en chasse Les lunettes pour Carabines Plombs Adaptes aux armes air comprim les lunettes pour carabines plombs offrent des performances optimales pour le tir courte et moyenne distance Elles prsentent souvent un grossissement modr entre 3x et 9x et disposent dune parallaxe rglable pour des tirs prcis des distances varies Leur lgret est un atout car elle ne dsquilibre pas la carabine plombs assurant ainsi une manipulation aise et une prcision accrue Les viseurs Les viseurs quils soient point rouge holographiques ou prismatiques sont idaux pour un engagement rapide de la cible Ils permettent une acquisition rapide de la cible grce des points rouges lumineux ce qui rend la vise instantane Polyvalents ils peuvent tre utiliss sur diffrents types darmes et sont conus pour rsister aux chocs et aux conditions difficiles offrant ainsi une fiabilit maximale en toutes circonstances Les magnifiers Les magnifiers sont des dispositifs de grossissement qui se placent derrire un viseur point rouge ou holographique permettant daugmenter la porte sans changer de viseur Compatibles avec une large gamme de viseurs ils basculent facilement pour passer du grossissement au point rouge normal offrant ainsi une grande simplicit dutilisation Leur construction robuste les rend rsistants aux conditions de terrain rigoureuses assurant une durabilit et une fiabilit exceptionnelles Les jumelles et longues Vues dObservation Indispensables pour lobservation et la reconnaissance longue distance les jumelles et longues vues dobservation offrent une vue dtaille et claire Les jumelles sont idales pour les chasseurs et les observateurs de la faune avec un large champ de vision et une excellente qualit optique Les longues vues quant elles sont utilises pour une observation trs longue distance et sont souvent combines avec un trpied pour une stabilit accrue La qualit des lentilles souvent haute dfinition assure une clart et un contraste suprieurs essentiels pour une observation prcise Nous offrons une vaste gamme doptiques pour rpondre aux besoins de tous les tireurs et chasseurs Que vous recherchiez la prcision ultime pour le tir sportif la robustesse pour la chasse ou la simplicit et lefficacit pour le tir rcratif vous trouverez lquipement parfait dans notre slection Explorez notre catalogue pour dcouvrir des produits de haute qualit qui amlioreront vos performances sur le terrain,carabine,,,,Arrivages Optiques fvrier 2025,https://www.armurerie-lavaux.com/arrivages/Optiques.html
express,Retrouvez dans cette rubrique toutes les armes de chasse carabines semi automatique carabine verrou carabine express carabine levier de sous garde ainsi que tous les fusils canons superposs juxtaposs et fusils semi automatiqueVous trouverez galement les viseurs point rouge Aimpoint et Docter ainsi que les plus grandes marques de lunettes de chasse Lynx Swarovski Zeiss Nikko Stirling,automatique,,,express,Arrivages Rayon Chasse fvrier 2025,https://www.armurerie-lavaux.com/arrivages/Rayon-Chasse.html
,Bienvenue dans notre section ddie aux optiques pour armes de chasse et de tir Que vous soyez un chasseur passionn un tireur sportif ou simplement un amateur de tir de prcision notre gamme doptiques rpondra tous vos besoins Voici une prsentation dtaille des diffrents types doptiques disponibles sur notre site Les lunettes de Tir Les lunettes de tir sont spcialement conues pour amliorer la prcision et la porte des tireurs sportifs Elles se caractrisent par un grossissement variable ou fixe selon le type de tir et des rticules prcis comme le Mil Dot ou le Duplex La qualit optique des lentilles souvent multicouches assure une clart et une luminosit maximales La construction robuste des lunettes de tir les rend rsistantes leau et aux chocs offrant ainsi une durabilit essentielle pour les conditions exigeantes des comptitions de tir Les lunettes de Chasse Conues pour les conditions varies que les chasseurs rencontrent sur le terrain les lunettes de chasse combinent robustesse et prcision Elles offrent un large champ de vision indispensable pour suivre des cibles en mouvement et sont construites pour rsister aux intempries et aux chocs Les rticules lumineux amliorent la visibilit dans des conditions de faible luminosit et les ajustements rapides permettent de sadapter rapidement aux distances variables rencontres en chasse Les lunettes pour Carabines Plombs Adaptes aux armes air comprim les lunettes pour carabines plombs offrent des performances optimales pour le tir courte et moyenne distance Elles prsentent souvent un grossissement modr entre 3x et 9x et disposent dune parallaxe rglable pour des tirs prcis des distances varies Leur lgret est un atout car elle ne dsquilibre pas la carabine plombs assurant ainsi une manipulation aise et une prcision accrue Les viseurs Les viseurs quils soient point rouge holographiques ou prismatiques sont idaux pour un engagement rapide de la cible Ils permettent une acquisition rapide de la cible grce des points rouges lumineux ce qui rend la vise instantane Polyvalents ils peuvent tre utiliss sur diffrents types darmes et sont conus pour rsister aux chocs et aux conditions difficiles offrant ainsi une fiabilit maximale en toutes circonstances Les magnifiers Les magnifiers sont des dispositifs de grossissement qui se placent derrire un viseur point rouge ou holographique permettant daugmenter la porte sans changer de viseur Compatibles avec une large gamme de viseurs ils basculent facilement pour passer du grossissement au point rouge normal offrant ainsi une grande simplicit dutilisation Leur construction robuste les rend rsistants aux conditions de terrain rigoureuses assurant une durabilit et une fiabilit exceptionnelles Les jumelles et longues Vues dObservation Indispensables pour lobservation et la reconnaissance longue distance les jumelles et longues vues dobservation offrent une vue dtaille et claire Les jumelles sont idales pour les chasseurs et les observateurs de la faune avec un large champ de vision et une excellente qualit optique Les longues vues quant elles sont utilises pour une observation trs longue distance et sont souvent combines avec un trpied pour une stabilit accrue La qualit des lentilles souvent haute dfinition assure une clart et un contraste suprieurs essentiels pour une observation prcise Nous offrons une vaste gamme doptiques pour rpondre aux besoins de tous les tireurs et chasseurs Que vous recherchiez la prcision ultime pour le tir sportif la robustesse pour la chasse ou la simplicit et lefficacit pour le tir rcratif vous trouverez lquipement parfait dans notre slection Explorez notre catalogue pour dcouvrir des produits de haute qualit qui amlioreront vos performances sur le terrain,carabine,,,,Nouveauts Optiques,https://www.armurerie-lavaux.com/nouveautes/Optiques.html
express,Retrouvez dans cette rubrique toutes les armes de chasse carabines semi automatique carabine verrou carabine express carabine levier de sous garde ainsi que tous les fusils canons superposs juxtaposs et fusils semi automatiqueVous trouverez galement les viseurs point rouge Aimpoint et Docter ainsi que les plus grandes marques de lunettes de chasse Lynx Swarovski Zeiss Nikko Stirling,automatique,,,express,Destockage Rayon Chasse,https://www.armurerie-lavaux.com/destockages/Rayon-Chasse.html
express,Retrouvez dans cette rubrique toutes les armes de chasse carabines semi automatique carabine verrou carabine express carabine levier de sous garde ainsi que tous les fusils canons superposs juxtaposs et fusils semi automatiqueVous trouverez galement les viseurs point rouge Aimpoint et Docter ainsi que les plus grandes marques de lunettes de chasse Lynx Swarovski Zeiss Nikko Stirling,automatique,,,express,Nouveauts Rayon Chasse,https://www.armurerie-lavaux.com/nouveautes/Rayon-Chasse.html
,Vente en ligne de pistolets et carabines plomb air comprim carabines 22lr armes catgorie B et darmes de dfense bombe lacrymogne gomme cogne matraque,Munitions,,,,Arrivages Munitions fvrier 2025,https://www.armurerie-lavaux.com/arrivages/Munitions.html
uberti,Retrouvez sur notre site un trs grand choix darmes poudre noire revolver pistolet ou fusils Ces armes anciennes vous permettent de tirer des balles comme nos anctres La poudre noire est lexplosif chimique le plus vieux que nous connaissons elle est utilise pour des pistolets des revolvers mais aussi pour les canons Si aujourdhui elle nest plus utilise dans nos armes modernes son utilisation a marqu lhistoire cowboy pirates ou gentilshommes leur usage tait courant avant lapparition de nos armes modernes Les fabricants continuent de satisfaire les passionns des armes anciennes et historiques en recrant lidentique des armes mythiques Ainsi vous trouverez sur notre site de quoi satisfaire votre passion pour les reconstitutions historiques des marques Investarm Pietta Uberti ou David Perdesoli Colt Navy 1851 Colt Army Sheriff 1860 Remington 1858 New Army Remington 1858 Buffalo admirez ces armes de lgende en coffret pour offrir ou pour le plaisir en kit monter ou en kit prt tirer Nous vous proposons galement un large choix daccessoires barillet poire poudre amorce poudre noire PNF2 balle moule balle doseur prouvette cl chemine holster et pices dtaches Les armes poudre noire sont des armes part entire qui ont la particularit dtre en vente libre aux personnes majeures catgorie D Leur utilisation est cependant rserver aux personnes avises car elles sont aussi efficaces que les armes modernes et peuvent causer des blessures mortelles,revolver,,,1860,Arrivages Armes Poudre Noire fvrier 2025,https://www.armurerie-lavaux.com/arrivages/Armes-Poudre-Noire.html
,Notre armurerie spcialise dans le tir propose le plus grand choix darmes de catgorie B fusils carabines et armes de poing pistolets et rvolvers Nous proposons galement toutes les munitions catgorie B Afin de complter votre quipement nous offrons galement un large choix daccessoires pour les armes produits dentretien matriel de transport valises mallettes holster lments de personnalisation des armes de poing plaquettes poignes et crosses pour le tireur casque anti bruit vtements montres lunettes de protection,munitions,,,,Destockage Armes catgorie B,https://www.armurerie-lavaux.com/destockages/Armes-categorie-B.html
black ops,Dcouvrez notre gamme darmes pour le tir loisir Nous proposons des carabines plombs pistolets bille des pistolets plombs air comprim ou capsule de gaz CO2 Passionn ou amateur chacun trouvera dans notre catalogue une marque qui satisfera ses envies Gamo Black Ops Sig Sauer entre autres Pour complter vos achats vous trouverez sur notre site un choix doptiques de munitions plombs billes et capsules CO2 et daccessoires pour armes de loisir,munitions,,,black ops,Destockage Armes de loisirs,https://www.armurerie-lavaux.com/destockages/Armes-de-loisirs.html
,Nous proposons un large choix de carabine de tir carabines 22LR carabines pour le tir longue distance carabines cal 17 Hmr et 22 magnum fusils pompe et armes militaires de surplus Chaque passionn trouvera son bonheur dans notre catalogue Vous trouverez galement dans cette rubrique les optiques et munitions de ces carabines de tir,carabine,,,,Arrivages Carabines de Tir fvrier 2025,https://www.armurerie-lavaux.com/arrivages/Carabines-de-Tir.html
,Nous proposons un large choix de carabine de tir carabines 22LR carabines pour le tir longue distance carabines cal 17 Hmr et 22 magnum fusils pompe et armes militaires de surplus Chaque passionn trouvera son bonheur dans notre catalogue Vous trouverez galement dans cette rubrique les optiques et munitions de ces carabines de tir,carabine,,,,Destockage Carabines de Tir,https://www.armurerie-lavaux.com/destockages/Carabines-de-Tir.html
black ops,Dcouvrez notre gamme darmes pour le tir loisir Nous proposons des carabines plombs pistolets bille des pistolets plombs air comprim ou capsule de gaz CO2 Passionn ou amateur chacun trouvera dans notre catalogue une marque qui satisfera ses envies Gamo Black Ops Sig Sauer entre autres Pour complter vos achats vous trouverez sur notre site un choix doptiques de munitions plombs billes et capsules CO2 et daccessoires pour armes de loisir,munitions,,,black ops,Arrivages Armes de loisirs fvrier 2025,https://www.armurerie-lavaux.com/arrivages/Armes-de-loisirs.html
black ops,Dcouvrez notre gamme darmes pour le tir loisir Nous proposons des carabines plombs pistolets bille des pistolets plombs air comprim ou capsule de gaz CO2 Passionn ou amateur chacun trouvera dans notre catalogue une marque qui satisfera ses envies Gamo Black Ops Sig Sauer entre autres Pour complter vos achats vous trouverez sur notre site un choix doptiques de munitions plombs billes et capsules CO2 et daccessoires pour armes de loisir,munitions,,,black ops,Nouveauts Armes de loisirs,https://www.armurerie-lavaux.com/nouveautes/Armes-de-loisirs.html
,Le rayon de dfense personnelle propose une gamme dquipements essentiels pour assurer votre scurit personnelle en toutes circonstances Que ce soit pour les activits de plein air ou pour les situations de la vie quotidienne il est important davoir les bons outils pour se dfendre en cas dagression ou de menace Parmi les quipements disponibles dans ce rayon on trouve des bombes lacrymognes des paralyseurs lectriques des matraques tlescopiques des pistolets blanc des poings amricains des kubotans et dautres accessoires de dfense personnelle Ces quipements sont souvent compacts et faciles transporter ce qui en fait des outils pratiques pour toute personne soucieuse de sa scurit En plus des quipements de dfense personnelle nous proposons galement une gamme doutils pour la survie outdoor essentiels pour toute personne qui pratique des activits de plein air comme le camping la randonne ou lescalade Nous nous efforons de fournir des quipements de qualit et faciles utiliser pour assurer la scurit de nos clients o quils soient,défense,,,,Destockage Matriel de dfense,https://www.armurerie-lavaux.com/destockages/materiel-de-defense.html
,Notre armurerie spcialise dans le tir propose le plus grand choix darmes de catgorie B fusils carabines et armes de poing pistolets et rvolvers Nous proposons galement toutes les munitions catgorie B Afin de complter votre quipement nous offrons galement un large choix daccessoires pour les armes produits dentretien matriel de transport valises mallettes holster lments de personnalisation des armes de poing plaquettes poignes et crosses pour le tireur casque anti bruit vtements montres lunettes de protection,munitions,,,,Arrivages Armes catgorie B fvrier 2025,https://www.armurerie-lavaux.com/arrivages/Armes-categorie-B.html
,Le rayon de dfense personnelle propose une gamme dquipements essentiels pour assurer votre scurit personnelle en toutes circonstances Que ce soit pour les activits de plein air ou pour les situations de la vie quotidienne il est important davoir les bons outils pour se dfendre en cas dagression ou de menace Parmi les quipements disponibles dans ce rayon on trouve des bombes lacrymognes des paralyseurs lectriques des matraques tlescopiques des pistolets blanc des poings amricains des kubotans et dautres accessoires de dfense personnelle Ces quipements sont souvent compacts et faciles transporter ce qui en fait des outils pratiques pour toute personne soucieuse de sa scurit En plus des quipements de dfense personnelle nous proposons galement une gamme doutils pour la survie outdoor essentiels pour toute personne qui pratique des activits de plein air comme le camping la randonne ou lescalade Nous nous efforons de fournir des quipements de qualit et faciles utiliser pour assurer la scurit de nos clients o quils soient,défense,,,,Nouveauts Matriel de dfense,https://www.armurerie-lavaux.com/nouveautes/materiel-de-defense.html
uberti,Retrouvez sur notre site un trs grand choix darmes poudre noire revolver pistolet ou fusils Ces armes anciennes vous permettent de tirer des balles comme nos anctres La poudre noire est lexplosif chimique le plus vieux que nous connaissons elle est utilise pour des pistolets des revolvers mais aussi pour les canons Si aujourdhui elle nest plus utilise dans nos armes modernes son utilisation a marqu lhistoire cowboy pirates ou gentilshommes leur usage tait courant avant lapparition de nos armes modernes Les fabricants continuent de satisfaire les passionns des armes anciennes et historiques en recrant lidentique des armes mythiques Ainsi vous trouverez sur notre site de quoi satisfaire votre passion pour les reconstitutions historiques des marques Investarm Pietta Uberti ou David Perdesoli Colt Navy 1851 Colt Army Sheriff 1860 Remington 1858 New Army Remington 1858 Buffalo admirez ces armes de lgende en coffret pour offrir ou pour le plaisir en kit monter ou en kit prt tirer Nous vous proposons galement un large choix daccessoires barillet poire poudre amorce poudre noire PNF2 balle moule balle doseur prouvette cl chemine holster et pices dtaches Les armes poudre noire sont des armes part entire qui ont la particularit dtre en vente libre aux personnes majeures catgorie D Leur utilisation est cependant rserver aux personnes avises car elles sont aussi efficaces que les armes modernes et peuvent causer des blessures mortelles,revolver,,,1860,Nouveauts Armes Poudre Noire,https://www.armurerie-lavaux.com/nouveautes/Armes-Poudre-Noire.html
,Nous proposons un large choix de carabine de tir carabines 22LR carabines pour le tir longue distance carabines cal 17 Hmr et 22 magnum fusils pompe et armes militaires de surplus Chaque passionn trouvera son bonheur dans notre catalogue Vous trouverez galement dans cette rubrique les optiques et munitions de ces carabines de tir,carabine,,,,Nouveauts Carabines de Tir,https://www.armurerie-lavaux.com/nouveautes/Carabines-de-Tir.html
,Vente en ligne de pistolets et carabines plomb air comprim carabines 22lr armes catgorie B et darmes de dfense bombe lacrymogne gomme cogne matraque,plomb,,,,ZEV TECHNOLOGIES au meilleur prix sur armurerie lavauxcom,https://www.armurerie-lavaux.com/marque/ZEV-TECHNOLOGIES.html
,Vente en ligne de pistolets et carabines plomb air comprim carabines 22lr armes catgorie B et darmes de dfense bombe lacrymogne gomme cogne matraque,plomb,,,,ZELENY SPORT au meilleur prix sur armurerie lavauxcom,https://www.armurerie-lavaux.com/marque/ZELENY-SPORT.html
,Vente en ligne de pistolets et carabines plomb air comprim carabines 22lr armes catgorie B et darmes de dfense bombe lacrymogne gomme cogne matraque,plomb,,,,ZEISS au meilleur prix sur armurerie lavauxcom,https://www.armurerie-lavaux.com/marque/ZEISS.html
,Le rayon de dfense personnelle propose une gamme dquipements essentiels pour assurer votre scurit personnelle en toutes circonstances Que ce soit pour les activits de plein air ou pour les situations de la vie quotidienne il est important davoir les bons outils pour se dfendre en cas dagression ou de menace Parmi les quipements disponibles dans ce rayon on trouve des bombes lacrymognes des paralyseurs lectriques des matraques tlescopiques des pistolets blanc des poings amricains des kubotans et dautres accessoires de dfense personnelle Ces quipements sont souvent compacts et faciles transporter ce qui en fait des outils pratiques pour toute personne soucieuse de sa scurit En plus des quipements de dfense personnelle nous proposons galement une gamme doutils pour la survie outdoor essentiels pour toute personne qui pratique des activits de plein air comme le camping la randonne ou lescalade Nous nous efforons de fournir des quipements de qualit et faciles utiliser pour assurer la scurit de nos clients o quils soient,défense,,,,Arrivages Matriel de dfense fvrier 2025,https://www.armurerie-lavaux.com/arrivages/materiel-de-defense.html
,Vente en ligne de pistolets et carabines plomb air comprim carabines 22lr armes catgorie B et darmes de dfense bombe lacrymogne gomme cogne matraque,plomb,,,,ZINK FEUERWERK au meilleur prix sur armurerie lavauxcom,https://www.armurerie-lavaux.com/marque/ZINK-FEUERWERK.html
,Notre armurerie spcialise dans le tir propose le plus grand choix darmes de catgorie B fusils carabines et armes de poing pistolets et rvolvers Nous proposons galement toutes les munitions catgorie B Afin de complter votre quipement nous offrons galement un large choix daccessoires pour les armes produits dentretien matriel de transport valises mallettes holster lments de personnalisation des armes de poing plaquettes poignes et crosses pour le tireur casque anti bruit vtements montres lunettes de protection,munitions,,,,Nouveauts Armes catgorie B,https://www.armurerie-lavaux.com/nouveautes/Armes-categorie-B.html
,Vente en ligne de pistolets et carabines plomb air comprim carabines 22lr armes catgorie B et darmes de dfense bombe lacrymogne gomme cogne matraque,plomb,,,,Tous les arrivages fvrier 2025,https://www.armurerie-lavaux.com/arrivages.html
,Vente en ligne de pistolets et carabines plomb air comprim carabines 22lr armes catgorie B et darmes de dfense bombe lacrymogne gomme cogne matraque,plomb,,,,ZASTAVA au meilleur prix sur armurerie lavauxcom,https://www.armurerie-lavaux.com/marque/ZASTAVA.html
,Vente en ligne de pistolets et carabines plomb air comprim carabines 22lr armes catgorie B et darmes de dfense bombe lacrymogne gomme cogne matraque,plomb,,,,X3M1 au meilleur prix sur armurerie lavauxcom,https://www.armurerie-lavaux.com/marque/X3M1.html
,Vente en ligne de pistolets et carabines plomb air comprim carabines 22lr armes catgorie B et darmes de dfense bombe lacrymogne gomme cogne matraque,plomb,,,,YSHOOT au meilleur prix sur armurerie lavauxcom,https://www.armurerie-lavaux.com/marque/YSHOOT.html
,Vente en ligne de pistolets et carabines plomb air comprim carabines 22lr armes catgorie B et darmes de dfense bombe lacrymogne gomme cogne matraque,plomb,,,,ZAFFARI PRECISION au meilleur prix sur armurerie lavauxcom,https://www.armurerie-lavaux.com/marque/ZAFFARI-PRECISION.html
,Vente en ligne de pistolets et carabines plomb air comprim carabines 22lr armes catgorie B et darmes de dfense bombe lacrymogne gomme cogne matraque,plomb,,,,YILDIZ au meilleur prix sur armurerie lavauxcom,https://www.armurerie-lavaux.com/marque/YILDIZ.html
,Vente en ligne de pistolets et carabines plomb air comprim carabines 22lr armes catgorie B et darmes de dfense bombe lacrymogne gomme cogne matraque,plomb,,,,ZARPAX au meilleur prix sur armurerie lavauxcom,https://www.armurerie-lavaux.com/marque/ZARPAX.html
,Vente en ligne de pistolets et carabines plomb air comprim carabines 22lr armes catgorie B et darmes de dfense bombe lacrymogne gomme cogne matraque,plomb,,,,YUKON au meilleur prix sur armurerie lavauxcom,https://www.armurerie-lavaux.com/marque/YUKON.html
,Vente en ligne de pistolets et carabines plomb air comprim carabines 22lr armes catgorie B et darmes de dfense bombe lacrymogne gomme cogne matraque,plomb,,,,ZABALA au meilleur prix sur armurerie lavauxcom,https://www.armurerie-lavaux.com/marque/ZABALA.html
,Vente en ligne de pistolets et carabines plomb air comprim carabines 22lr armes catgorie B et darmes de dfense bombe lacrymogne gomme cogne matraque,plomb,,,,WICHARD au meilleur prix sur armurerie lavauxcom,https://www.armurerie-lavaux.com/marque/WICHARD.html
winchester,Winchester est une marque emblmatique dans lindustrie des armes feu jouissant dune histoire riche et dun hritage lgendaire remontant 1866 Fonde aux tats Unis Winchester sest rapidement impose comme un leader mondial dans la conception et la fabrication darmes feu de haute qualit ainsi que de munitions de prcision La marque est synonyme dinnovation de fiabilit et de performances exceptionnelles La gamme de produits Winchester comprend une vaste slection de carabines fusils de chasse fusils pompe pistolets et munitions pour une varit dapplications allant de la chasse au tir sportif en passant par la dfense personnelle Chaque arme est fabrique avec un souci du dtail et un engagement envers la qualit offrant une exprience de tir incomparable aux chasseurs aux tireurs sportifs et aux professionnels du monde entier Les carabines Winchester telles que le clbre modle 94 sont reconnues pour leur fiabilit lgendaire et leur design intemporel Les fusils de chasse Winchester comme le modle Super X3 offrent une performance exceptionnelle sur le terrain tandis que les pistolets Winchester comme le modle 1911 incarnent lexcellence dans la conception des armes de poing En ce qui concerne les munitions Winchester est un leader incontest Les cartouches Winchester sont clbres pour leur prcision leur puissance et leur fiabilit ce qui en fait le choix privilgi des chasseurs des tireurs sportifs et des forces de lordre du monde entier Au fil des dcennies Winchester a continu dinnover et de repousser les limites de la technologie des armes feu Des avances telles que le systme de verrouillage levier introduit avec le modle 1866 ou le clbre calibre 30 30 Winchester ont rvolutionn lindustrie et ont contribu forger la rputation lgendaire de la marque,munitions,,,91,WINCHESTER au meilleur prix sur armurerie lavauxcom,https://www.armurerie-lavaux.com/marque/WINCHESTER.html
,Vente en ligne de pistolets et carabines plomb air comprim carabines 22lr armes catgorie B et darmes de dfense bombe lacrymogne gomme cogne matraque,plomb,,,,WINDHAM WEAPONRY au meilleur prix sur armurerie lavauxcom,https://www.armurerie-lavaux.com/marque/WINDHAM-WEAPONRY.html
,Vente en ligne de pistolets et carabines plomb air comprim carabines 22lr armes catgorie B et darmes de dfense bombe lacrymogne gomme cogne matraque,plomb,,,,WILEY X au meilleur prix sur armurerie lavauxcom,https://www.armurerie-lavaux.com/marque/WILEY-X.html
,Les carabines WEIHRAUCH 22LR 222 REM carabines WEIHRAUCH air comprim carabines WEIHRAUCH PCP pistolets plomb WEIHRAUCHsont conues et fabriques en conformit avec les dernires technologies darmes sportives Perfection et innovation sont les objectifs de WEIHRAUCH qui assure un dveloppement constant et une mise niveau des ses produits afin quils continuent rpondre aux demandes et exigences des utilisateurs La prcision et la qualit de fabrication des diffrentes pices sont soigneusement et constamment surveilles par des experts Lutilisation de machines de production ultra moderne permet de sassurer que ces exigences sont respectes Cest cette technologie de production combine avec des dcennies dexprience qui forme lexpertise WEIHRAUCH une qualit suprieure une performance maximale et une grande fiabilit,plomb,,,,WEIHRAUCH au meilleur prix sur armurerie lavauxcom,https://www.armurerie-lavaux.com/marque/WEIHRAUCH.html
,Vente en ligne de pistolets et carabines plomb air comprim carabines 22lr armes catgorie B et darmes de dfense bombe lacrymogne gomme cogne matraque,plomb,,,,WHITES au meilleur prix sur armurerie lavauxcom,https://www.armurerie-lavaux.com/marque/WHITE'S.html
,Vente en ligne de pistolets et carabines plomb air comprim carabines 22lr armes catgorie B et darmes de dfense bombe lacrymogne gomme cogne matraque,plomb,,,,WHEELER au meilleur prix sur armurerie lavauxcom,https://www.armurerie-lavaux.com/marque/WHEELER.html
,Vente en ligne de pistolets et carabines plomb air comprim carabines 22lr armes catgorie B et darmes de dfense bombe lacrymogne gomme cogne matraque,plomb,,,,WEBLEY SCOTT au meilleur prix sur armurerie lavauxcom,https://www.armurerie-lavaux.com/marque/WEBLEY-SCOTT.html
,Vente en ligne de pistolets et carabines plomb air comprim carabines 22lr armes catgorie B et darmes de dfense bombe lacrymogne gomme cogne matraque,plomb,,,,WINFIELD au meilleur prix sur armurerie lavauxcom,https://www.armurerie-lavaux.com/marque/WINFIELD.html
,Vente en ligne de pistolets et carabines plomb air comprim carabines 22lr armes catgorie B et darmes de dfense bombe lacrymogne gomme cogne matraque,plomb,,,,WEENECT au meilleur prix sur armurerie lavauxcom,https://www.armurerie-lavaux.com/marque/WEENECT.html
,Vente en ligne de pistolets et carabines plomb air comprim carabines 22lr armes catgorie B et darmes de dfense bombe lacrymogne gomme cogne matraque,plomb,,,,WEATHERBY au meilleur prix sur armurerie lavauxcom,https://www.armurerie-lavaux.com/marque/WEATHERBY.html
,Vente en ligne de pistolets et carabines plomb air comprim carabines 22lr armes catgorie B et darmes de dfense bombe lacrymogne gomme cogne matraque,plomb,,,,WEAVER au meilleur prix sur armurerie lavauxcom,https://www.armurerie-lavaux.com/marque/WEAVER.html
,Vente en ligne de pistolets et carabines plomb air comprim carabines 22lr armes catgorie B et darmes de dfense bombe lacrymogne gomme cogne matraque,plomb,,,,WBP au meilleur prix sur armurerie lavauxcom,https://www.armurerie-lavaux.com/marque/WBP.html
,Vente en ligne de pistolets et carabines plomb air comprim carabines 22lr armes catgorie B et darmes de dfense bombe lacrymogne gomme cogne matraque,plomb,,,,WARNE au meilleur prix sur armurerie lavauxcom,https://www.armurerie-lavaux.com/marque/WARNE.html
,Vente en ligne de pistolets et carabines plomb air comprim carabines 22lr armes catgorie B et darmes de dfense bombe lacrymogne gomme cogne matraque,plomb,,,,WE PROTECT au meilleur prix sur armurerie lavauxcom,https://www.armurerie-lavaux.com/marque/WE-PROTECT.html
,Vente en ligne de pistolets et carabines plomb air comprim carabines 22lr armes catgorie B et darmes de dfense bombe lacrymogne gomme cogne matraque,plomb,,,,WALKERS au meilleur prix sur armurerie lavauxcom,https://www.armurerie-lavaux.com/marque/WALKER'S.html
,Vente en ligne de pistolets et carabines plomb air comprim carabines 22lr armes catgorie B et darmes de dfense bombe lacrymogne gomme cogne matraque,plomb,,,,WALKSTOOL au meilleur prix sur armurerie lavauxcom,https://www.armurerie-lavaux.com/marque/WALKSTOOL.html
,Vente en ligne de pistolets et carabines plomb air comprim carabines 22lr armes catgorie B et darmes de dfense bombe lacrymogne gomme cogne matraque,plomb,,,,WE LOCK au meilleur prix sur armurerie lavauxcom,https://www.armurerie-lavaux.com/marque/WE-LOCK.html
walther,Walther est une marque allemande qui a t cre en 1886 et qui est spcialise dans la fabrication darmes feu notamment de pistolets Walther est connue pour produire des armes de haute qualit fiables et prcises La socit Walther produit une large gamme de pistolets semi automatiques pour les tireurs sportifs et les forces de lordre Elle est galement connue pour ses pistolets air comprim et ses fusils de chasse Walther est galement connue pour son engagement en matire dinnovation et de design La socit a t lavant garde de lutilisation de polymres dans la fabrication de pistolets ce qui a permis de produire des armes lgres et durables Walther a galement t lun des premiers fabricants proposer des pistolets avec une carcasse en acier inoxydable La marque Walther est souvent associe des pistolets lgendaires comme le P38 le P99 le PPK et le PPKS qui ont t utiliss dans des films et des sries tlvises clbres Walther a galement dvelopp des pistolets pour les forces de lordre et les militaires comme le Walther P5 et le P99 Enfin Walther propose une large gamme daccessoires pour les pistolets tels que des tuis des chargeurs des lunettes de vise et des lasers La marque est reconnue pour la qualit et la fiabilit de ses produits ce qui en fait un choix populaire parmi les tireurs sportifs et les professionnels,,,,p5,WALTHER au meilleur prix sur armurerie lavauxcom,https://www.armurerie-lavaux.com/marque/WALTHER.html
,Vente en ligne de pistolets et carabines plomb air comprim carabines 22lr armes catgorie B et darmes de dfense bombe lacrymogne gomme cogne matraque,plomb,,,,WD40 au meilleur prix sur armurerie lavauxcom,https://www.armurerie-lavaux.com/marque/WD40.html
,Vente en ligne de pistolets et carabines plomb air comprim carabines 22lr armes catgorie B et darmes de dfense bombe lacrymogne gomme cogne matraque,plomb,,,,WADIE au meilleur prix sur armurerie lavauxcom,https://www.armurerie-lavaux.com/marque/WADIE.html
,Vente en ligne de pistolets et carabines plomb air comprim carabines 22lr armes catgorie B et darmes de dfense bombe lacrymogne gomme cogne matraque,plomb,,,,VITEX CHASSE au meilleur prix sur armurerie lavauxcom,https://www.armurerie-lavaux.com/marque/VITEX-CHASSE.html
,Vente en ligne de pistolets et carabines plomb air comprim carabines 22lr armes catgorie B et darmes de dfense bombe lacrymogne gomme cogne matraque,plomb,,,,WALDBERG au meilleur prix sur armurerie lavauxcom,https://www.armurerie-lavaux.com/marque/WALDBERG.html
,Vente en ligne de pistolets et carabines plomb air comprim carabines 22lr armes catgorie B et darmes de dfense bombe lacrymogne gomme cogne matraque,plomb,,,,VICTRIX ARMAMENTS au meilleur prix sur armurerie lavauxcom,https://www.armurerie-lavaux.com/marque/VICTRIX-ARMAMENTS.html
,Vente en ligne de pistolets et carabines plomb air comprim carabines 22lr armes catgorie B et darmes de dfense bombe lacrymogne gomme cogne matraque,plomb,,,,VICTORINOX au meilleur prix sur armurerie lavauxcom,https://www.armurerie-lavaux.com/marque/VICTORINOX.html
,Vente en ligne de pistolets et carabines plomb air comprim carabines 22lr armes catgorie B et darmes de dfense bombe lacrymogne gomme cogne matraque,plomb,,,,VFG WEAPON CARE au meilleur prix sur armurerie lavauxcom,https://www.armurerie-lavaux.com/marque/VFG-WEAPON-CARE.html
,Vente en ligne de pistolets et carabines plomb air comprim carabines 22lr armes catgorie B et darmes de dfense bombe lacrymogne gomme cogne matraque,plomb,,,,VESTA DEFENSE au meilleur prix sur armurerie lavauxcom,https://www.armurerie-lavaux.com/marque/VESTA-DEFENSE.html
,Vente en ligne de pistolets et carabines plomb air comprim carabines 22lr armes catgorie B et darmes de dfense bombe lacrymogne gomme cogne matraque,plomb,,,,VERO VELLINI au meilleur prix sur armurerie lavauxcom,https://www.armurerie-lavaux.com/marque/VERO-VELLINI.html
,Vente en ligne de pistolets et carabines plomb air comprim carabines 22lr armes catgorie B et darmes de dfense bombe lacrymogne gomme cogne matraque,plomb,,,,VERNEY CARRON au meilleur prix sur armurerie lavauxcom,https://www.armurerie-lavaux.com/marque/VERNEY-CARRON.html
,Vente en ligne de pistolets et carabines plomb air comprim carabines 22lr armes catgorie B et darmes de dfense bombe lacrymogne gomme cogne matraque,plomb,,,,VERNEY CARRON SECURITY au meilleur prix sur armurerie lavauxcom,https://www.armurerie-lavaux.com/marque/VERNEY-CARRON-SECURITY.html
,Vente en ligne de pistolets et carabines plomb air comprim carabines 22lr armes catgorie B et darmes de dfense bombe lacrymogne gomme cogne matraque,plomb,,,,VEGA HOLSTER au meilleur prix sur armurerie lavauxcom,https://www.armurerie-lavaux.com/marque/VEGA-HOLSTER.html
,Vente en ligne de pistolets et carabines plomb air comprim carabines 22lr armes catgorie B et darmes de dfense bombe lacrymogne gomme cogne matraque,plomb,,,,VEOPTIK au meilleur prix sur armurerie lavauxcom,https://www.armurerie-lavaux.com/marque/VEOPTIK.html
,Vente en ligne de pistolets et carabines plomb air comprim carabines 22lr armes catgorie B et darmes de dfense bombe lacrymogne gomme cogne matraque,plomb,,,,VIRGINIA au meilleur prix sur armurerie lavauxcom,https://www.armurerie-lavaux.com/marque/VIRGINIA.html
,Vente en ligne de pistolets et carabines plomb air comprim carabines 22lr armes catgorie B et darmes de dfense bombe lacrymogne gomme cogne matraque,plomb,,,,VIHTAVUORI au meilleur prix sur armurerie lavauxcom,https://www.armurerie-lavaux.com/marque/VIHTAVUORI.html
,Vente en ligne de pistolets et carabines plomb air comprim carabines 22lr armes catgorie B et darmes de dfense bombe lacrymogne gomme cogne matraque,plomb,,,,VEGA FORCE COMPAGNY au meilleur prix sur armurerie lavauxcom,https://www.armurerie-lavaux.com/marque/VEGA-FORCE-COMPAGNY.html
,Vente en ligne de pistolets et carabines plomb air comprim carabines 22lr armes catgorie B et darmes de dfense bombe lacrymogne gomme cogne matraque,plomb,,,,VANGUARD au meilleur prix sur armurerie lavauxcom,https://www.armurerie-lavaux.com/marque/VANGUARD.html
,Vente en ligne de pistolets et carabines plomb air comprim carabines 22lr armes catgorie B et darmes de dfense bombe lacrymogne gomme cogne matraque,plomb,,,,UZKON au meilleur prix sur armurerie lavauxcom,https://www.armurerie-lavaux.com/marque/UZKON.html
,Vente en ligne de pistolets et carabines plomb air comprim carabines 22lr armes catgorie B et darmes de dfense bombe lacrymogne gomme cogne matraque,plomb,,,,VARTA au meilleur prix sur armurerie lavauxcom,https://www.armurerie-lavaux.com/marque/VARTA.html
,Vente en ligne de pistolets et carabines plomb air comprim carabines 22lr armes catgorie B et darmes de dfense bombe lacrymogne gomme cogne matraque,plomb,,,,V AR au meilleur prix sur armurerie lavauxcom,https://www.armurerie-lavaux.com/marque/V-AR-.html
,Vente en ligne de pistolets et carabines plomb air comprim carabines 22lr armes catgorie B et darmes de dfense bombe lacrymogne gomme cogne matraque,plomb,,,,VECTAN au meilleur prix sur armurerie lavauxcom,https://www.armurerie-lavaux.com/marque/VECTAN.html
,Vente en ligne de pistolets et carabines plomb air comprim carabines 22lr armes catgorie B et darmes de dfense bombe lacrymogne gomme cogne matraque,plomb,,,,UTAS DEFENSE au meilleur prix sur armurerie lavauxcom,https://www.armurerie-lavaux.com/marque/UTAS-DEFENSE.html
,Vente en ligne de pistolets et carabines plomb air comprim carabines 22lr armes catgorie B et darmes de dfense bombe lacrymogne gomme cogne matraque,plomb,,,,UX au meilleur prix sur armurerie lavauxcom,https://www.armurerie-lavaux.com/marque/UX.html
walther,La marque UMAREX a t cre en 1972 en Allemagne et est depuis devenue lun des plus grands fabricants mondiaux darmes air comprim de pistolets et de rpliques darmes feu Ils proposent une large gamme de produits pour les amateurs de tir allant des pistolets airsoft aux fusils plombs en passant par les rpliques de pistolets de service et darmes de poing Leurs produits se distinguent par leur qualit de fabrication leur prcision et leur fiabilit ce qui en fait un choix populaire parmi les tireurs sportifs et les amateurs darmes UMAREX est galement connu pour ses collaborations avec de grandes marques darmes feu telles que Glock Smith Wesson et Walther pour produire des rpliques airsoft et des pistolets plombs sous licence En plus des armes feu et des rpliques UMAREX propose galement des accessoires pour les tireurs tels que des viseurs des lunettes de vise et des cibles Ils ont galement dvelopp des technologies avances pour amliorer lexprience de tir telles que leur systme de propulsion gaz ram qui permet un tir plus rapide et plus prcis,,,,sport,UMAREX au meilleur prix sur armurerie lavauxcom,https://www.armurerie-lavaux.com/marque/UMAREX.html
,Vente en ligne de pistolets et carabines plomb air comprim carabines 22lr armes catgorie B et darmes de dfense bombe lacrymogne gomme cogne matraque,plomb,,,,URIKAN au meilleur prix sur armurerie lavauxcom,https://www.armurerie-lavaux.com/marque/URIKAN.html
,Vente en ligne de pistolets et carabines plomb air comprim carabines 22lr armes catgorie B et darmes de dfense bombe lacrymogne gomme cogne matraque,plomb,,,,UVEX au meilleur prix sur armurerie lavauxcom,https://www.armurerie-lavaux.com/marque/UVEX.html
,Vente en ligne de pistolets et carabines plomb air comprim carabines 22lr armes catgorie B et darmes de dfense bombe lacrymogne gomme cogne matraque,plomb,,,,UNIFRANCE PISTEURS au meilleur prix sur armurerie lavauxcom,https://www.armurerie-lavaux.com/marque/UNIFRANCE-PISTEURS.html
,Vente en ligne de pistolets et carabines plomb air comprim carabines 22lr armes catgorie B et darmes de dfense bombe lacrymogne gomme cogne matraque,plomb,,,,UTG au meilleur prix sur armurerie lavauxcom,https://www.armurerie-lavaux.com/marque/UTG.html
,Vente en ligne de pistolets et carabines plomb air comprim carabines 22lr armes catgorie B et darmes de dfense bombe lacrymogne gomme cogne matraque,plomb,,,,TW1000 au meilleur prix sur armurerie lavauxcom,https://www.armurerie-lavaux.com/marque/TW1000.html
,Vente en ligne de pistolets et carabines plomb air comprim carabines 22lr armes catgorie B et darmes de dfense bombe lacrymogne gomme cogne matraque,plomb,,,,TRIJICON au meilleur prix sur armurerie lavauxcom,https://www.armurerie-lavaux.com/marque/TRIJICON.html
,Vente en ligne de pistolets et carabines plomb air comprim carabines 22lr armes catgorie B et darmes de dfense bombe lacrymogne gomme cogne matraque,plomb,,,,TYRANT CNC au meilleur prix sur armurerie lavauxcom,https://www.armurerie-lavaux.com/marque/TYRANT-CNC.html
,Vente en ligne de pistolets et carabines plomb air comprim carabines 22lr armes catgorie B et darmes de dfense bombe lacrymogne gomme cogne matraque,plomb,,,,TUNET au meilleur prix sur armurerie lavauxcom,https://www.armurerie-lavaux.com/marque/TUNET.html
,Vente en ligne de pistolets et carabines plomb air comprim carabines 22lr armes catgorie B et darmes de dfense bombe lacrymogne gomme cogne matraque,plomb,,,,TRUGLO au meilleur prix sur armurerie lavauxcom,https://www.armurerie-lavaux.com/marque/TRUGLO.html
,Vente en ligne de pistolets et carabines plomb air comprim carabines 22lr armes catgorie B et darmes de dfense bombe lacrymogne gomme cogne matraque,plomb,,,,TROY INDUSTRIES au meilleur prix sur armurerie lavauxcom,https://www.armurerie-lavaux.com/marque/TROY-INDUSTRIES.html
,Vente en ligne de pistolets et carabines plomb air comprim carabines 22lr armes catgorie B et darmes de dfense bombe lacrymogne gomme cogne matraque,plomb,,,,TURNCLIP au meilleur prix sur armurerie lavauxcom,https://www.armurerie-lavaux.com/marque/TURNCLIP.html
,Vente en ligne de pistolets et carabines plomb air comprim carabines 22lr armes catgorie B et darmes de dfense bombe lacrymogne gomme cogne matraque,plomb,,,,TRIDENS au meilleur prix sur armurerie lavauxcom,https://www.armurerie-lavaux.com/marque/TRIDENS.html
,Vente en ligne de pistolets et carabines plomb air comprim carabines 22lr armes catgorie B et darmes de dfense bombe lacrymogne gomme cogne matraque,plomb,,,,TONI SYSTEM au meilleur prix sur armurerie lavauxcom,https://www.armurerie-lavaux.com/marque/TONI-SYSTEM.html
,Vente en ligne de pistolets et carabines plomb air comprim carabines 22lr armes catgorie B et darmes de dfense bombe lacrymogne gomme cogne matraque,plomb,,,,TOKAREV au meilleur prix sur armurerie lavauxcom,https://www.armurerie-lavaux.com/marque/TOKAREV.html
,Vente en ligne de pistolets et carabines plomb air comprim carabines 22lr armes catgorie B et darmes de dfense bombe lacrymogne gomme cogne matraque,plomb,,,,TORUN TAYGIR au meilleur prix sur armurerie lavauxcom,https://www.armurerie-lavaux.com/marque/TORUN-TAYGIR.html
,Vente en ligne de pistolets et carabines plomb air comprim carabines 22lr armes catgorie B et darmes de dfense bombe lacrymogne gomme cogne matraque,plomb,,,,TPD au meilleur prix sur armurerie lavauxcom,https://www.armurerie-lavaux.com/marque/TPD.html
,Vente en ligne de pistolets et carabines plomb air comprim carabines 22lr armes catgorie B et darmes de dfense bombe lacrymogne gomme cogne matraque,plomb,,,,TRACKER au meilleur prix sur armurerie lavauxcom,https://www.armurerie-lavaux.com/marque/TRACKER.html
,Vente en ligne de pistolets et carabines plomb air comprim carabines 22lr armes catgorie B et darmes de dfense bombe lacrymogne gomme cogne matraque,plomb,,,,TOZ au meilleur prix sur armurerie lavauxcom,https://www.armurerie-lavaux.com/marque/TOZ.html
,Vente en ligne de pistolets et carabines plomb air comprim carabines 22lr armes catgorie B et darmes de dfense bombe lacrymogne gomme cogne matraque,plomb,,,,TIPTON au meilleur prix sur armurerie lavauxcom,https://www.armurerie-lavaux.com/marque/TIPTON.html
beretta,La marque Tikka est une entreprise finlandaise spcialise dans la fabrication darmes feu Elle a t fonde en 1893 sous le nom de Tikkakoski et a commenc produire des armes de chasse en 1918 Depuis lors Tikka est devenue lune des marques les plus respectes dans lindustrie des armes feu Les armes Tikka sont reconnues pour leur qualit de fabrication et leur prcision La marque propose une large gamme de carabines de chasse et de tir sportif avec diffrents calibres et modles adapts chaque usage Les carabines Tikka sont galement quipes de nombreux dispositifs tels que des canons flottants des crosses ergonomiques des dtentes rglables et des chargeurs amovibles Tikka est aujourdhui une filiale de la clbre entreprise finlandaise Sako qui elle mme fait partie du groupe Beretta Holding Cette intgration a permis Tikka de bnficier des connaissances et de lexpertise de Sako en matire de conception et de fabrication darmes de haute qualit,,,,sport,TIKKA au meilleur prix sur armurerie lavauxcom,https://www.armurerie-lavaux.com/marque/TIKKA.html
,Vente en ligne de pistolets et carabines plomb air comprim carabines 22lr armes catgorie B et darmes de dfense bombe lacrymogne gomme cogne matraque,plomb,,,,TRADITIONS FIREARMS au meilleur prix sur armurerie lavauxcom,https://www.armurerie-lavaux.com/marque/TRADITIONS-FIREARMS.html
,Vente en ligne de pistolets et carabines plomb air comprim carabines 22lr armes catgorie B et darmes de dfense bombe lacrymogne gomme cogne matraque,plomb,,,,TIPPMAN ARMS au meilleur prix sur armurerie lavauxcom,https://www.armurerie-lavaux.com/marque/TIPPMAN-ARMS.html
,Vente en ligne de pistolets et carabines plomb air comprim carabines 22lr armes catgorie B et darmes de dfense bombe lacrymogne gomme cogne matraque,plomb,,,,THUNDER STICK au meilleur prix sur armurerie lavauxcom,https://www.armurerie-lavaux.com/marque/THUNDER-STICK.html
tisas,TISAS LExcellence Turque dans les Armes de PoingFonde en 1993 TISAS est une marque turque rpute pour sa qualit et son innovation dans le domaine des armes de poing Base Trabzon une rgion connue pour son expertise industrielle la marque sest impose linternational grce ses armes robustes fiables et au design soignSpcialise dans les pistolets semi automatiques TISAS propose une gamme varie adapte diffrents usages allant du tir sportif la dfense personnelle en passant par les applications professionnelles Ses modles sinspirent souvent de designs classiques comme le 1911 ou darmes modernes tout en intgrant des technologies avances et des finitions irrprochablesTISAS accorde une attention particulire la qualit de fabrication avec un contrle rigoureux chaque tape de production Les matriaux de haute performance utiliss garantissent durabilit et prcision tandis que les prix comptitifs en font une marque accessible aux passionns et aux professionnels du secteurReconnaissable par son quilibre entre tradition et modernit TISAS continue de sduire les amateurs darmes travers le monde Que ce soit pour la fiabilit de ses mcanismes ou pour lesthtique soigne de ses armes TISAS est un choix sr pour les utilisateurs exigeantsZIG M 1911 A1 Une rplique fidle du 1911 classique disponible en calibres 45 ACP et 9x19 mm avec une finition parkerise noireZIG PC 1911 Night Stalker Une version modernise du 1911 propose en calibres 45 ACP et 9x19 mm dote dune glissire et dune carcasse en acier ainsi que dune fentre dallgement avant avec stries arrire inclinesEurop ArmZIG14 Une rplique moderne du clbre Browning GP35 disponible en finition inox ou noire en calibre 9x19 mm Ce modle offre des finitions impeccables et une grande prcisionEurop Arm2011 Double Stack Night Stalker Un pistolet double colonne en calibre 9x19 mm prt pour lajout dune optique avec des caractristiques modernes pour les tireurs exigeantsEurop ArmPX 9 DUTY GEN 3 Un pistolet moderne en calibre 9x19 mm disponible en finitions noire ou FDE conu pour une utilisation polyvalentePX 9 TACTICAL Une version tactique du PX 9 en calibre 9x19 mm avec un canon filet pour lajout de modrateurs de son ou autres accessoires disponible en noir ou FDEPX 9 CARRY Un modle compact en calibre 9x19 mm idal pour le port dissimul offrant une capacit de 15 coupsPX 57 Un pistolet chambr en calibre 57x28 mm offrant une capacit de 20 coups adapt aux amateurs de ce calibre performantCes modles illustrent la diversit et la qualit des armes de poing proposes par TISAS rpondant aux attentes des tireurs sportifs des collectionneurs et des professionnels,défense,,,zig m 1911,TISAS au meilleur prix sur armurerie lavauxcom,https://www.armurerie-lavaux.com/marque/TISAS.html
,Vente en ligne de pistolets et carabines plomb air comprim carabines 22lr armes catgorie B et darmes de dfense bombe lacrymogne gomme cogne matraque,plomb,,,,TOP SHOT au meilleur prix sur armurerie lavauxcom,https://www.armurerie-lavaux.com/marque/TOP-SHOT.html
,Vente en ligne de pistolets et carabines plomb air comprim carabines 22lr armes catgorie B et darmes de dfense bombe lacrymogne gomme cogne matraque,plomb,,,,THERMOS au meilleur prix sur armurerie lavauxcom,https://www.armurerie-lavaux.com/marque/THERMOS.html
,Vente en ligne de pistolets et carabines plomb air comprim carabines 22lr armes catgorie B et darmes de dfense bombe lacrymogne gomme cogne matraque,plomb,,,,TIER ONE au meilleur prix sur armurerie lavauxcom,https://www.armurerie-lavaux.com/marque/TIER-ONE.html
,Vente en ligne de pistolets et carabines plomb air comprim carabines 22lr armes catgorie B et darmes de dfense bombe lacrymogne gomme cogne matraque,plomb,,,,TECHNOMAX au meilleur prix sur armurerie lavauxcom,https://www.armurerie-lavaux.com/marque/TECHNOMAX.html
,Vente en ligne de pistolets et carabines plomb air comprim carabines 22lr armes catgorie B et darmes de dfense bombe lacrymogne gomme cogne matraque,plomb,,,,TASER au meilleur prix sur armurerie lavauxcom,https://www.armurerie-lavaux.com/marque/TASER.html
,Vente en ligne de pistolets et carabines plomb air comprim carabines 22lr armes catgorie B et darmes de dfense bombe lacrymogne gomme cogne matraque,plomb,,,,TASCO au meilleur prix sur armurerie lavauxcom,https://www.armurerie-lavaux.com/marque/TASCO.html
,Vente en ligne de pistolets et carabines plomb air comprim carabines 22lr armes catgorie B et darmes de dfense bombe lacrymogne gomme cogne matraque,plomb,,,,TAURUS au meilleur prix sur armurerie lavauxcom,https://www.armurerie-lavaux.com/marque/TAURUS.html
,Vente en ligne de pistolets et carabines plomb air comprim carabines 22lr armes catgorie B et darmes de dfense bombe lacrymogne gomme cogne matraque,plomb,,,,TANFOGLIO au meilleur prix sur armurerie lavauxcom,https://www.armurerie-lavaux.com/marque/TANFOGLIO.html
,Vente en ligne de pistolets et carabines plomb air comprim carabines 22lr armes catgorie B et darmes de dfense bombe lacrymogne gomme cogne matraque,plomb,,,,TACTICAL SOLUTIONS au meilleur prix sur armurerie lavauxcom,https://www.armurerie-lavaux.com/marque/TACTICAL-SOLUTIONS.html
,Vente en ligne de pistolets et carabines plomb air comprim carabines 22lr armes catgorie B et darmes de dfense bombe lacrymogne gomme cogne matraque,plomb,,,,TACTICAL OPS au meilleur prix sur armurerie lavauxcom,https://www.armurerie-lavaux.com/marque/TACTICAL-OPS.html
,Vente en ligne de pistolets et carabines plomb air comprim carabines 22lr armes catgorie B et darmes de dfense bombe lacrymogne gomme cogne matraque,plomb,,,,TACTACAM au meilleur prix sur armurerie lavauxcom,https://www.armurerie-lavaux.com/marque/TACTACAM.html
,Vente en ligne de pistolets et carabines plomb air comprim carabines 22lr armes catgorie B et darmes de dfense bombe lacrymogne gomme cogne matraque,plomb,,,,TACSYSTEME au meilleur prix sur armurerie lavauxcom,https://www.armurerie-lavaux.com/marque/TACSYSTEME.html
,Vente en ligne de pistolets et carabines plomb air comprim carabines 22lr armes catgorie B et darmes de dfense bombe lacrymogne gomme cogne matraque,plomb,,,,T4E au meilleur prix sur armurerie lavauxcom,https://www.armurerie-lavaux.com/marque/T4E.html
browning,Lhistoire de notre entreprise suisse remonte 1863 et est lorigine de notre solide comptence qui se poursuit depuis 2022 dans le giron de la Beretta Holding En tant que premier fournisseur europen de munitions de petit calibre nous sommes le partenaire de confiance des forces armes et des forces de lordre La famille de cartouches de fusil SWISS P a t dveloppe spcialement pour les tireurs dlite et les tireurs de prcision Tous les produits de la gamme SWISS P se caractrisent par leur prcision exceptionnelle leur effet sur la cible et leur balistique parfaitement adapte Pour les tireurs professionnels de la police de larme et dautres units spciales les produits de la ligne SWISS P sont disponibles dans tous les calibres usuels Les cartouches de la ligne SWISS P sont des produits de premire qualit et rpondent aux exigences les plus leves Toutes les cartouches SWISS P atteignent une prcision de 1 MoA 1 MoA 160 de degr ou de minute angulaire correspondant environ 1 pouce 100 mtres En outre ces cartouches offrent une prcision de tir suprieure la moyenne et une fiabilit de premier ordre Une excellente probabilit datteinte au premier coup est ainsi garantie SWISS P Prcision Puissance Premium Prcision La prcision de nos cartouches est lgendaire mme dans des conditions extrmes Toutes les cartouches atteignent systmatiquement une prcision infrieure la MoA 1 MoA 160 de degr ou de minute angulaire correspondant environ 1 pouce 100 mtres Puissance La performance est lune des caractristiques exceptionnelles de la gamme P de SWISS Nos calibres 338 LM et 50 Browning impressionnent par la lourdeur de leurs balles et la faible perte de vitesse qui en rsulte Mme longue distance ces calibres conservent une vitesse leve pour un effet maximal sur la cible Premium Grce des tolrances de production et des contrles de qualit trs stricts des valeurs balistiques constantes sont garanties Dun lot lautre lattention porte par SwissP Defence aux dtails garantit une performance premium identique et lentire satisfaction du client,munitions,,,xt,SWISS P au meilleur prix sur armurerie lavauxcom,https://www.armurerie-lavaux.com/marque/SWISS-P.html
,Vente en ligne de pistolets et carabines plomb air comprim carabines 22lr armes catgorie B et darmes de dfense bombe lacrymogne gomme cogne matraque,plomb,,,,SWAROVSKI au meilleur prix sur armurerie lavauxcom,https://www.armurerie-lavaux.com/marque/SWAROVSKI.html
,Vente en ligne de pistolets et carabines plomb air comprim carabines 22lr armes catgorie B et darmes de dfense bombe lacrymogne gomme cogne matraque,plomb,,,,TOE Design au meilleur prix sur armurerie lavauxcom,https://www.armurerie-lavaux.com/marque/T.O.E-Design.html
,Vente en ligne de pistolets et carabines plomb air comprim carabines 22lr armes catgorie B et darmes de dfense bombe lacrymogne gomme cogne matraque,plomb,,,,T73 au meilleur prix sur armurerie lavauxcom,https://www.armurerie-lavaux.com/marque/T73.html
,Vente en ligne de pistolets et carabines plomb air comprim carabines 22lr armes catgorie B et darmes de dfense bombe lacrymogne gomme cogne matraque,plomb,,,,SWAMPFOX au meilleur prix sur armurerie lavauxcom,https://www.armurerie-lavaux.com/marque/SWAMPFOX.html
,Vente en ligne de pistolets et carabines plomb air comprim carabines 22lr armes catgorie B et darmes de dfense bombe lacrymogne gomme cogne matraque,plomb,,,,SUHLBERG au meilleur prix sur armurerie lavauxcom,https://www.armurerie-lavaux.com/marque/SUHLBERG.html
,Vente en ligne de pistolets et carabines plomb air comprim carabines 22lr armes catgorie B et darmes de dfense bombe lacrymogne gomme cogne matraque,plomb,,,,STV GROUP au meilleur prix sur armurerie lavauxcom,https://www.armurerie-lavaux.com/marque/STV-GROUP.html
,Vente en ligne de pistolets et carabines plomb air comprim carabines 22lr armes catgorie B et darmes de dfense bombe lacrymogne gomme cogne matraque,plomb,,,,STRIKEMAN au meilleur prix sur armurerie lavauxcom,https://www.armurerie-lavaux.com/marque/STRIKEMAN.html
,Vente en ligne de pistolets et carabines plomb air comprim carabines 22lr armes catgorie B et darmes de dfense bombe lacrymogne gomme cogne matraque,plomb,,,,SUREFIRE au meilleur prix sur armurerie lavauxcom,https://www.armurerie-lavaux.com/marque/SUREFIRE.html
,Vente en ligne de pistolets et carabines plomb air comprim carabines 22lr armes catgorie B et darmes de dfense bombe lacrymogne gomme cogne matraque,plomb,,,,SUN OPTICS au meilleur prix sur armurerie lavauxcom,https://www.armurerie-lavaux.com/marque/SUN-OPTICS.html
stoeger,Stoeger Air Guns est un fabricant et importateur de armes feu dans le Etats Unis Avant son acquisition par Beretta Stoeger a t situ dans le New Jersey et avant qui tait le plus grand magasin darmes New York City Stoeger Air Guns est un des leader en France dans les armes air comprim notamment avec le modle X20 Suppressor silencieuse le modle le plus silencieux de la gamme,,,,x20,STOEGER au meilleur prix sur armurerie lavauxcom,https://www.armurerie-lavaux.com/marque/STOEGER.html
,Vente en ligne de pistolets et carabines plomb air comprim carabines 22lr armes catgorie B et darmes de dfense bombe lacrymogne gomme cogne matraque,plomb,,,,STIL CRIN au meilleur prix sur armurerie lavauxcom,https://www.armurerie-lavaux.com/marque/STIL-CRIN.html
,Vente en ligne de pistolets et carabines plomb air comprim carabines 22lr armes catgorie B et darmes de dfense bombe lacrymogne gomme cogne matraque,plomb,,,,STI INTERNATIONAL au meilleur prix sur armurerie lavauxcom,https://www.armurerie-lavaux.com/marque/STI-INTERNATIONAL.html
,Vente en ligne de pistolets et carabines plomb air comprim carabines 22lr armes catgorie B et darmes de dfense bombe lacrymogne gomme cogne matraque,plomb,,,,STEYR MANNLICHER au meilleur prix sur armurerie lavauxcom,https://www.armurerie-lavaux.com/marque/STEYR-MANNLICHER.html
,Vente en ligne de pistolets et carabines plomb air comprim carabines 22lr armes catgorie B et darmes de dfense bombe lacrymogne gomme cogne matraque,plomb,,,,SPYPOINT au meilleur prix sur armurerie lavauxcom,https://www.armurerie-lavaux.com/marque/SPYPOINT.html
,Vente en ligne de pistolets et carabines plomb air comprim carabines 22lr armes catgorie B et darmes de dfense bombe lacrymogne gomme cogne matraque,plomb,,,,STALON au meilleur prix sur armurerie lavauxcom,https://www.armurerie-lavaux.com/marque/STALON.html
,Vente en ligne de pistolets et carabines plomb air comprim carabines 22lr armes catgorie B et darmes de dfense bombe lacrymogne gomme cogne matraque,plomb,,,,STEINER au meilleur prix sur armurerie lavauxcom,https://www.armurerie-lavaux.com/marque/STEINER.html
springfield armory,Springfield Armory est un fabricant amricain darmes feu et daccessoires fond en 1974 Geneseo dans lIllinois Lentreprise tire son nom de larsenal de Springfield qui tait un arsenal fdral situ Springfield Massachusetts et qui a produit des armes pour larme amricaine pendant plus de 200 ans Springfield Armory est connu pour produire des pistolets de haute qualit pour les tireurs sportifs les forces de lordre et les militaires La socit propose une large gamme de modles y compris des pistolets 1911 des pistolets XD et des carabines M1A Springfield Armory est galement connu pour ses innovations comme le systme de dmontage sans outil de la srie XD qui permet aux utilisateurs de dmonter leur arme sans avoir besoin doutils La marque a galement une longue histoire avec larme amricaine ayant produit des armes pour les soldats amricains depuis la guerre civile jusqu la Seconde Guerre mondiale Aujourdhui Springfield Armory continue de travailler en troite collaboration avec les forces armes amricaines pour fournir des armes de qualit ceux qui servent le pays,arme,,,1911,SPRINGFIELD ARMORY au meilleur prix sur armurerie lavauxcom,https://www.armurerie-lavaux.com/marque/SPRINGFIELD-ARMORY.html
,Vente en ligne de pistolets et carabines plomb air comprim carabines 22lr armes catgorie B et darmes de dfense bombe lacrymogne gomme cogne matraque,plomb,,,,SPORFABRIC au meilleur prix sur armurerie lavauxcom,https://www.armurerie-lavaux.com/marque/SPORFABRIC.html
,Vente en ligne de pistolets et carabines plomb air comprim carabines 22lr armes catgorie B et darmes de dfense bombe lacrymogne gomme cogne matraque,plomb,,,,SSI au meilleur prix sur armurerie lavauxcom,https://www.armurerie-lavaux.com/marque/SSI.html
,Vente en ligne de pistolets et carabines plomb air comprim carabines 22lr armes catgorie B et darmes de dfense bombe lacrymogne gomme cogne matraque,plomb,,,,SPEEDY au meilleur prix sur armurerie lavauxcom,https://www.armurerie-lavaux.com/marque/SPEEDY.html
,Vente en ligne de pistolets et carabines plomb air comprim carabines 22lr armes catgorie B et darmes de dfense bombe lacrymogne gomme cogne matraque,plomb,,,,SPEER au meilleur prix sur armurerie lavauxcom,https://www.armurerie-lavaux.com/marque/SPEER.html
,Vente en ligne de pistolets et carabines plomb air comprim carabines 22lr armes catgorie B et darmes de dfense bombe lacrymogne gomme cogne matraque,plomb,,,,STARLINE au meilleur prix sur armurerie lavauxcom,https://www.armurerie-lavaux.com/marque/STARLINE.html
,Vente en ligne de pistolets et carabines plomb air comprim carabines 22lr armes catgorie B et darmes de dfense bombe lacrymogne gomme cogne matraque,plomb,,,,SOLOGNE au meilleur prix sur armurerie lavauxcom,https://www.armurerie-lavaux.com/marque/SOLOGNE.html
,Vente en ligne de pistolets et carabines plomb air comprim carabines 22lr armes catgorie B et darmes de dfense bombe lacrymogne gomme cogne matraque,plomb,,,,SPARTAN au meilleur prix sur armurerie lavauxcom,https://www.armurerie-lavaux.com/marque/SPARTAN.html
,Vente en ligne de pistolets et carabines plomb air comprim carabines 22lr armes catgorie B et darmes de dfense bombe lacrymogne gomme cogne matraque,plomb,,,,SPIKA au meilleur prix sur armurerie lavauxcom,https://www.armurerie-lavaux.com/marque/SPIKA.html
,Vente en ligne de pistolets et carabines plomb air comprim carabines 22lr armes catgorie B et darmes de dfense bombe lacrymogne gomme cogne matraque,plomb,,,,SNOWPEAK au meilleur prix sur armurerie lavauxcom,https://www.armurerie-lavaux.com/marque/SNOWPEAK.html
,Vente en ligne de pistolets et carabines plomb air comprim carabines 22lr armes catgorie B et darmes de dfense bombe lacrymogne gomme cogne matraque,plomb,,,,SKS au meilleur prix sur armurerie lavauxcom,https://www.armurerie-lavaux.com/marque/SKS.html
,Smith Wesson est une entreprise amricaine fonde en 1852 spcialise dans la fabrication darmes feu de munitions et daccessoires pour les tireurs sportifs les forces de lordre et les militaires La socit a t fonde par Horace Smith et Daniel B Wesson Norwich dans le Connecticut La marque Smith Wesson est connue pour ses pistolets revolvers et carabines de qualit suprieure Les revolvers SW ont une renomme particulire dans le monde de larme feu pour leur fiabilit leur prcision et leur facilit dutilisation La socit a galement dvelopp une varit de modles de pistolets semi automatiques y compris la srie MP Military Police populaire auprs des forces de lordre En plus de ses armes feu Smith Wesson produit une large gamme daccessoires pour les tireurs sportifs et les chasseurs notamment des tuis de transport des optiques des munitions des outils dentretien et des quipements de protection La marque est galement connue pour son engagement en matire de scurit des armes feu en proposant notamment des modles avec des dispositifs de scurit innovants pour prvenir les accidents comme le MP Shield EZ avec un dispositif de scurit manuel facile utiliser,munitions,,,,SMITH WESSON au meilleur prix sur armurerie lavauxcom,https://www.armurerie-lavaux.com/marque/SMITH-et-WESSON.html
,Vente en ligne de pistolets et carabines plomb air comprim carabines 22lr armes catgorie B et darmes de dfense bombe lacrymogne gomme cogne matraque,plomb,,,,SINGER SAFETY au meilleur prix sur armurerie lavauxcom,https://www.armurerie-lavaux.com/marque/SINGER-SAFETY.html
,Vente en ligne de pistolets et carabines plomb air comprim carabines 22lr armes catgorie B et darmes de dfense bombe lacrymogne gomme cogne matraque,plomb,,,,SMITHS au meilleur prix sur armurerie lavauxcom,https://www.armurerie-lavaux.com/marque/SMITH'S.html
,Vente en ligne de pistolets et carabines plomb air comprim carabines 22lr armes catgorie B et darmes de dfense bombe lacrymogne gomme cogne matraque,plomb,,,,SMARTRELOADER au meilleur prix sur armurerie lavauxcom,https://www.armurerie-lavaux.com/marque/SMARTRELOADER.html
sig sauer,SIG SAUER est une entreprise de fabrication darmes feu base en Suisse et aux tats Unis La socit a t fonde en 1853 Schaffhouse en Suisse sous le nom de Schweizerische Industrie Gesellschaft SIG et a commenc produire des armes feu en 1860 En 2007 SIG a acquis la socit allemande JP Sauer Sohn ce qui a donn naissance la marque actuelle SIG SAUER La marque est particulirement connue pour ses pistolets de qualit militaire et de dfense personnelle tels que les modles P226 P229 et P320 Ces pistolets ont t adopts par de nombreuses forces militaires et de maintien de lordre dans le monde entier en raison de leur fiabilit de leur prcision et de leur ergonomie Outre les pistolets SIG SAUER produit galement des carabines et des fusils y compris des carabines de chasse et de prcision ainsi que des armes de poing pour les tireurs sportifs et les comptitions de tir SIG SAUER est galement connue pour ses systmes de vise de haute qualit tels que les viseurs holographiques les lunettes de vise et les points rouges qui sont utiliss par les tireurs professionnels et les militaires du monde entier Enfin SIG SAUER offre galement des services de formation et de conseil en matire de scurit et de dfense personnelle ainsi que des cours de formation pour les tireurs sportifs et les forces de lordre,défense,,,p229,SIG SAUER au meilleur prix sur armurerie lavauxcom,https://www.armurerie-lavaux.com/marque/SIG-SAUER.html
,SK Ammunition est une marque de premier plan dans le domaine des munitions pour le tir sportif reconnue pour sa qualit exceptionnelle et sa prcision ingale Avec une exprience de plus de 190 ans SK Ammunition est synonyme dexcellence dans la fabrication de munitions de haute performance pour les tireurs passionns et les comptiteurs de tous niveaux La marque sest forge une rputation solide grce son engagement envers linnovation et sa qute constante de la perfection La gamme de produits SK Ammunition comprend une slection exhaustive de cartouches spcialement conues pour rpondre aux besoins du tir sportif quil sagisse du tir sur cible du tir dynamique ou dautres disciplines Chaque cartouche est mticuleusement fabrique selon des normes rigoureuses en utilisant des matriaux de premire qualit et des technologies de pointe pour garantir des performances optimales sur le pas de tir Les munitions SK se distinguent par leur charge propulsive prcise leurs projectiles de haute qualit et leur cohrence balistique exceptionnelle Ces caractristiques garantissent une prcision remarquable et une fiabilit constante ce qui en fait le choix privilgi des tireurs les plus exigeants et des comptiteurs de haut niveau Que ce soit pour la comptition de prcision le tir longue distance ou dautres disciplines du tir sportif les munitions SK sont apprcies pour leur fiabilit inbranlable et leurs performances de premier ordre En outre SK Ammunition sengage activement promouvoir des pratiques de fabrication durables et respectueuses de lenvironnement dmontrant ainsi son engagement envers la responsabilit sociale et environnementale Avec son histoire riche et son dvouement lexcellence SK Ammunition reste le choix de prdilection des tireurs sportifs la recherche de performances optimales et de fiabilit ingale sur le pas de tir,munitions,,,,SK AMMUNITIONS au meilleur prix sur armurerie lavauxcom,https://www.armurerie-lavaux.com/marque/SK-AMMUNITIONS.html
,Vente en ligne de pistolets et carabines plomb air comprim carabines 22lr armes catgorie B et darmes de dfense bombe lacrymogne gomme cogne matraque,plomb,,,,SIGHTMARK au meilleur prix sur armurerie lavauxcom,https://www.armurerie-lavaux.com/marque/SIGHTMARK.html
